number_of_reviews,reviews_score_rating,reviews_per_month
0,,
270,98,6.62
2,100,1.62
5,92,1.69
4,100,0.82
228,92,6.39
39,90,2.11
6,80,0.63
19,98,2.46
44,96,1.24
52,98,3.77
5,95,0.51
2,100,0.71
90,96,3.14
5,90,0.08
1,100,0.21
4,100,0.37
28,97,0.99
13,100,2.17
125,96,8.47
1,100,0.1
179,98,4.81
1,100,1
11,100,0.38
9,98,0.17
1,100,0.03
4,95,0.1
22,98,0.99
2,90,1.15
2,90,1.62
229,95,3.98
26,99,0.48
2,90,0.12
7,83,0.57
15,100,0.41
26,95,1.85
1,100,0.11
4,100,0.24
9,100,3.75
120,92,2.71
36,99,0.56
1,100,0.83
10,90,0.33
149,95,4.63
101,99,2.04
15,95,3.04
2,100,0.07
48,93,4.35
32,97,3.36
124,95,1.58
3,93,0.18
74,99,3.87
83,95,2.16
7,97,0.5
5,88,0.12
6,67,0.65
8,86,0.93
4,100,0.08
2,100,0.15
1,100,0.34
4,87,0.13
22,87,0.66
22,95,0.51
19,100,5.43
2,90,2
112,95,3.13
99,88,4.47
77,96,4.93
14,97,4.16
9,100,0.31
33,91,0.6
19,96,1.53
4,100,2.67
4,90,4
3,93,0.64
69,94,1.95
16,86,2.36
103,83,3.27
21,97,1.06
34,99,0.87
89,98,2.18
3,100,0.62
10,92,1.82
30,95,1.07
4,95,0.08
1,100,0.88
91,91,1.43
23,84,0.82
1,100,0.07
6,93,0.21
1,80,0.07
2,40,0.12
49,93,1.18
13,100,0.92
47,99,1.75
21,94,0.69
223,91,3.45
11,91,0.42
3,100,0.66
1,100,0.59
29,99,1.8
69,99,1.86
22,95,0.53
5,64,0.11
4,100,1.13
8,90,0.15
101,88,2.35
2,100,0.13
26,100,2.04
19,100,0.7
47,92,1.65
376,89,8.16
83,98,2.62
84,88,3.33
62,95,2
11,95,0.57
4,95,0.61
7,65,0.09
8,98,0.43
5,100,0.3
18,99,1.53
75,97,1.16
4,95,0.23
56,90,3.42
155,86,3.59
57,92,3.64
8,95,1
15,91,0.69
75,99,3.7
71,99,2
5,73,0.41
27,98,0.55
15,85,1.81
17,82,1.82
21,98,4.6
24,95,2.17
8,88,0.2
3,87,0.58
2,80,0.15
69,98,1.96
196,84,4.59
101,94,3.7
74,90,1.76
13,100,0.84
8,95,0.8
7,89,0.39
247,94,5.16
7,94,0.24
16,95,0.54
149,96,4.85
1,20,0.05
3,100,0.63
23,97,4.69
77,98,4.83
45,98,1.23
17,85,0.19
104,92,2.34
28,94,0.54
9,93,2.93
7,100,0.91
228,92,3.53
2,80,0.39
26,98,1.49
27,99,1.22
127,97,2.79
10,96,0.37
10,96,3.03
71,96,2.96
91,99,6.61
94,92,2.01
7,97,0.53
47,93,0.89
53,92,5.68
15,99,0.52
87,100,2.82
13,83,3.25
52,94,3.28
5,75,0.08
11,91,1.9
4,95,0.2
4,80,0.14
16,96,1.4
235,89,5.21
7,94,0.25
4,100,0.2
19,96,1.73
6,97,0.35
4,90,0.41
172,98,4.62
6,93,0.33
99,95,6.11
14,97,4.24
115,86,2.68
11,89,0.27
238,88,3.69
7,100,2.76
9,93,1.16
34,94,1.15
3,100,0.34
1,100,0.01
7,100,0.4
40,96,1.7
6,87,1.08
1,100,0.13
10,100,1.3
20,98,1
16,100,1.52
9,96,0.59
2,100,0.25
1,60,1
10,88,0.73
32,95,2.91
18,99,1.67
165,96,3.4
27,94,1.31
11,84,0.37
34,99,1.38
6,97,0.58
82,94,1.32
3,100,0.5
16,100,2.94
12,98,0.22
32,99,2.38
11,100,0.94
1,100,0.16
42,92,1.04
2,90,0.83
25,90,3.68
4,67,0.24
1,80,0.06
20,95,0.77
20,93,2.78
4,100,0.14
12,97,2.4
72,94,1.12
7,97,0.64
7,97,0.38
6,100,0.09
16,98,1.66
3,100,0.1
234,98,4.47
12,100,0.94
8,88,0.4
20,98,1.97
2,80,0.71
3,80,0.39
7,100,0.24
50,91,3.23
10,91,1.38
22,87,1.94
5,100,1.3
11,93,0.64
19,98,0.65
42,98,1.06
115,99,1.54
18,98,1.04
58,97,3.49
2,100,0.35
2,80,0.26
16,100,0.34
33,92,0.79
4,100,0.3
1,100,0.4
2,100,0.14
7,89,0.87
1,,0.17
171,78,3.76
14,96,0.79
54,100,6.56
11,73,1.66
1,80,0.18
21,99,2.18
5,100,0.12
75,98,2.16
66,95,4.06
3,100,0.33
71,84,1.71
7,90,0.28
49,95,1.17
1,,0.15
2,90,0.26
4,53,0.53
9,100,0.82
2,100,0.19
9,91,0.64
28,97,0.42
16,99,0.65
157,98,3.7
1,100,0.05
4,95,0.07
237,96,3.61
8,88,1.05
1,,0.16
23,99,0.79
8,98,0.19
6,100,0.3
52,98,4.63
31,97,1.01
6,92,0.66
8,93,0.62
56,90,1.19
1,100,0.06
72,98,1.74
247,87,3.83
4,93,0.66
105,95,1.78
3,70,0.2
13,78,0.2
54,93,2.31
5,100,0.33
146,97,2.23
20,99,0.96
137,90,2.48
109,96,7.05
5,100,0.76
5,100,0.87
1,100,0.33
30,94,0.85
5,96,0.28
8,75,1.13
77,99,1.53
17,99,2.24
9,91,1.12
20,100,1.07
2,90,0.7
17,88,1.55
78,92,2.61
15,89,1.88
1,,0.08
48,100,2.24
10,96,0.55
11,92,0.32
163,97,3.82
1,100,0.43
2,80,0.07
30,98,0.85
1,100,0.18
15,95,1.23
6,100,1.13
8,91,0.22
3,93,0.43
6,100,0.36
153,78,3.46
5,85,0.6
79,98,4.3
4,95,0.22
44,94,1.4
29,94,0.96
71,87,5.06
9,91,2.5
3,100,0.85
15,91,0.76
2,100,0.17
31,97,5.85
7,89,0.44
59,89,7
3,98,0.1
4,73,1.56
19,99,0.37
28,89,1.26
29,93,1.05
31,94,0.79
24,98,1.99
213,97,4.05
229,97,3.79
2,100,0.11
194,93,5.3
30,94,0.77
10,92,2.75
1,100,0.08
126,97,3.65
161,91,7.93
24,96,3.48
5,100,5
3,93,0.61
15,100,0.91
125,98,3.56
48,99,1.7
3,73,0.19
5,100,0.31
12,92,1.9
25,100,2.82
25,95,1.66
3,100,0.46
7,100,0.47
58,93,6.44
16,94,1.24
2,100,0.67
10,96,2.83
16,94,1.43
46,100,5.87
125,93,3.59
40,97,1.02
78,94,1.48
219,96,4
2,100,2
7,93,1.54
15,92,1.15
10,96,0.51
22,99,2.55
74,98,4.59
224,93,6.12
6,93,0.2
1,100,0.09
2,90,0.37
6,93,0.22
20,99,0.63
192,94,5.25
7,100,0.19
41,86,1.17
2,90,0.68
2,,0.16
42,95,0.76
10,96,0.52
11,98,1.08
66,98,3.85
14,96,0.71
3,93,0.1
26,96,2.67
20,90,3.87
4,100,0.84
49,98,6.15
20,98,0.95
2,100,0.66
43,96,0.73
6,80,0.48
21,84,0.7
208,96,7.65
74,96,2.58
27,98,8.44
2,100,1.5
4,90,0.23
18,92,0.97
15,96,5
43,99,2.13
11,93,0.96
2,90,0.16
8,75,2.47
27,98,1.27
41,96,3.48
6,87,0.5
13,100,2.29
66,85,2.77
7,97,0.89
8,100,1.19
7,97,0.58
14,89,0.81
103,98,2.69
8,100,1.42
33,95,3.43
2,100,0.2
2,100,0.1
55,96,2.88
28,95,1.15
8,100,0.46
1,80,0.22
16,97,1.11
87,95,2.27
146,99,3.75
15,95,2.56
212,95,5.69
73,96,2.3
57,97,3.62
13,100,0.88
6,100,1.15
10,80,1.21
11,87,0.37
93,96,3.51
1,,0.09
46,86,3
2,,0.17
21,90,3.6
2,100,0.28
9,89,0.85
42,84,2.85
69,95,1.72
4,90,0.31
8,88,1.18
45,98,1.15
22,99,0.92
26,95,1.36
6,100,0.42
9,95,2.81
29,88,1.54
3,73,0.18
181,87,7.57
3,80,0.25
14,80,0.79
6,100,0.95
57,87,3.5
4,90,0.33
6,90,0.11
51,88,2.83
17,93,0.59
14,95,0.87
45,97,1.16
1,,0.14
16,89,1.12
2,,0.07
20,94,1.15
11,100,0.73
47,98,7.16
12,87,3.13
25,95,4.39
97,89,3.2
11,93,2.06
24,94,4.31
5,96,0.09
7,100,0.81
167,87,6.85
5,92,2.27
46,87,3.05
3,87,1.38
11,67,1.2
6,100,0.64
3,73,2.31
4,100,0.45
2,100,0.16
57,85,3.2
10,100,1.15
9,93,0.57
2,100,0.57
30,92,2.45
30,95,0.43
6,87,1.65
7,97,1.64
21,95,2.21
72,87,3.99
7,74,4.67
2,60,0.21
28,91,4.14
22,87,2.39
4,100,0.51
7,94,3.28
1,100,0.35
20,93,1.23
1,80,0.09
1,80,0.08
21,94,0.41
2,100,0.08
1,100,0.02
12,95,0.54
4,100,0.22
55,95,2.4
3,100,0.3
66,87,1.03
19,95,0.59
12,98,0.44
15,81,3.66
3,,0.47
12,93,0.43
52,83,3.64
17,100,2.14
9,83,0.16
64,85,2.56
18,98,0.65
25,86,2.35
69,87,3.9
3,93,0.44
13,91,0.27
9,100,6.14
125,99,3.17
6,97,1.76
9,91,0.28
18,96,1.11
8,86,2.16
46,89,3.15
10,100,0.87
12,100,1.86
13,92,2.25
8,100,4.14
24,75,2.43
153,88,6.4
4,95,0.64
5,95,0.88
12,93,0.74
6,93,0.37
134,92,4.9
7,94,0.59
1,91,0.03
9,87,1.18
37,88,1.98
36,88,4.27
9,96,4.74
181,88,3.84
7,86,0.57
16,93,2.06
13,82,3.07
12,97,1.25
14,80,3.31
2,90,0.49
11,98,0.99
61,95,1.53
6,87,3.27
1,80,1
6,73,4
14,87,3.5
51,90,4.18
5,100,1.39
44,92,6.06
83,88,3.41
65,97,2.96
16,95,0.96
16,85,1.5
22,95,1.74
31,87,3.73
21,91,5.29
16,76,4.14
51,95,1.27
2,90,0.23
1,100,0.48
10,93,0.42
1,100,0.19
30,97,2.74
37,86,1.76
39,88,1.76
31,87,2.92
1,60,0.15
17,98,1.75
3,93,0.27
54,98,1.35
1,80,0.16
5,85,0.71
4,100,3
37,91,1.69
103,92,7.73
2,,0.13
194,86,7.96
94,91,6.91
3,93,0.07
41,98,1.27
104,88,3.51
80,98,2.19
6,100,0.93
8,93,0.68
43,91,4.1
72,98,2.39
2,20,1.25
10,80,2.97
2,60,0.29
1,80,0.34
5,96,0.7
12,92,1.53
18,100,0.62
4,100,0.36
3,93,1.76
24,95,1.97
8,78,1.07
2,100,0.59
19,89,0.7
13,98,1.22
26,98,2.15
91,87,4.21
3,100,1.45
1,,0.31
67,85,3.05
4,80,0.26
162,96,4.27
38,90,2.47
3,100,0.6
18,94,0.62
6,63,0.57
21,95,2.2
9,88,0.55
5,60,3.26
3,80,0.16
14,84,3.93
3,100,0.76
12,87,2.08
8,100,0.15
99,97,2.39
5,92,0.49
1,100,0.29
15,80,3.63
42,86,2.77
11,76,1.49
13,100,2.04
1,20,0.43
4,93,2.07
14,90,0.33
2,,0.27
4,90,2.4
2,90,0.55
76,94,4.32
2,90,1.25
7,83,0.7
2,100,0.12
26,96,3.24
6,90,0.29
9,98,0.72
20,97,2.69
3,80,0.2
34,89,6
1,40,1
21,92,2.29
1,100,0.79
16,94,2.53
125,97,4.31
6,100,0.47
76,94,2.42
224,96,2.96
31,98,2.12
15,89,3.81
10,84,2.8
20,87,5.5
58,92,1.13
16,83,0.47
63,88,4.34
5,88,0.34
5,96,0.39
1,80,0.67
1,,0.64
4,100,0.13
87,96,1.61
83,90,5.04
8,98,1.49
2,100,0.18
6,90,0.59
7,97,1.54
26,92,3.1
184,85,7.55
10,90,2.04
4,100,0.76
9,100,0.28
92,96,2.94
91,95,2.23
7,97,1.24
28,100,2.55
27,91,1.72
4,93,0.22
31,91,0.48
4,85,0.36
11,92,4.65
16,79,3.53
1,100,0.22
138,89,5.97
7,94,2.28
10,78,1.28
173,86,7.08
20,95,2.08
1,97,0.03
1,,0.94
8,98,0.49
1,100,0.31
25,94,1.68
1,100,0.6
11,82,9.17
49,85,3.39
161,97,3.87
17,96,0.61
20,79,4.8
76,87,3.26
3,93,0.59
45,87,3.07
22,84,1.54
8,90,1.05
5,88,0.39
70,87,3.85
56,86,3.92
23,88,0.78
9,84,1.58
1,100,0.14
6,90,0.86
12,95,4.8
1,80,0.48
24,98,0.74
10,100,0.29
21,77,3.66
1,100,0.65
3,87,0.68
44,97,0.78
2,90,0.08
17,92,1.2
39,96,3.69
34,93,4.36
40,86,1.75
9,100,0.5
31,92,3.92
2,100,0.36
10,89,0.74
3,100,0.45
28,93,0.7
90,93,1.34
24,98,0.81
25,98,9.37
1,100,0.42
4,100,0.26
5,100,1.38
77,99,2.58
8,95,0.47
1,,0.42
16,93,1.76
35,98,1.16
40,92,1.27
53,98,2.99
2,60,0.3
5,84,0.82
7,60,1.57
5,84,0.17
3,100,0.15
2,80,0.48
3,90,1.05
4,75,1.2
23,90,1.85
1,80,0.05
2,50,2
3,87,1.55
3,90,0.78
3,93,1.27
10,90,2.5
6,93,1.96
11,100,2.89
89,99,1.7
10,94,2.83
47,96,4.86
38,99,2.13
12,89,3.3
2,90,1.67
5,85,0.31
23,93,1.86
2,90,0.15
3,100,0.82
4,100,4
16,95,2.29
1,,0.04
56,95,4.86
15,93,1.03
12,92,0.32
50,96,3.9
4,95,1.43
7,100,0.58
13,89,1.43
4,95,0.15
42,93,2.13
104,90,4.59
79,99,2.44
15,74,0.53
131,93,5.48
98,93,2.36
5,84,1.34
5,100,0.35
2,100,0.22
2,100,0.33
3,100,1.02
14,100,0.33
4,100,0.88
20,99,6.98
7,97,0.17
107,97,1.55
29,100,2.86
6,100,1.94
4,90,0.32
6,93,1.22
73,92,1.66
19,97,1.88
28,96,0.83
269,95,6.52
7,100,0.29
4,100,0.23
9,100,1.99
2,90,0.21
39,87,2.62
5,100,0.37
34,85,1.03
34,98,1.23
26,99,0.4
1,80,0.38
4,93,0.1
8,100,0.51
127,96,1.85
2,100,1.15
7,97,2.96
35,99,0.63
29,94,6.44
11,96,0.67
1,,0.51
6,93,0.38
314,95,4.89
29,97,2.46
4,90,0.82
2,100,0.32
2,100,0.81
125,94,6.15
3,100,0.91
24,97,0.76
22,93,0.55
8,100,3.43
11,96,3.88
5,100,0.61
6,100,0.18
90,94,1.4
6,100,1.07
3,100,0.83
9,98,0.64
34,98,1.33
41,92,2.78
5,100,0.32
2,100,0.61
11,98,2.6
44,97,3.74
10,94,0.61
3,100,2.81
3,,0.21
10,90,1.07
1,,0.18
61,86,1.26
94,95,2.85
102,96,1.61
1,,0.73
8,93,0.38
32,99,1.17
126,90,3.32
34,98,1.95
24,86,2.63
15,89,0.97
6,100,1.67
1,60,0.04
44,95,2.61
13,98,1.16
1,100,0.04
10,82,0.6
8,97,0.18
16,94,0.37
8,93,0.63
2,90,0.29
1,100,0.15
5,95,0.15
12,95,0.76
3,100,0.61
8,100,0.94
1,100,0.25
5,96,0.16
4,95,2.22
34,96,3.37
18,98,3.83
2,80,0.11
9,98,0.48
9,95,0.21
44,96,4.68
70,98,1.56
5,100,0.27
2,100,0.55
2,90,0.4
8,98,0.2
42,98,4.16
16,93,0.5
20,100,1.5
16,99,4.03
2,60,0.12
40,98,2.17
7,100,0.52
1,97,0.02
99,92,2.18
54,91,2.33
3,100,1.03
4,100,1.1
20,98,0.7
17,94,2.63
38,98,1.27
91,94,4.6
1,100,0.27
1,100,0.32
18,92,0.59
3,93,0.76
37,98,1.13
115,98,3.09
6,100,0.55
8,85,0.28
12,100,2.38
7,91,0.43
49,96,1.02
22,97,0.87
7,93,0.99
13,88,0.42
18,98,2.34
10,93,1.66
12,100,1.66
1,20,0.06
1,60,0.51
3,100,1.27
57,99,4.02
137,98,3.58
6,100,1.71
4,100,0.81
2,100,0.09
3,93,0.11
7,91,1.21
57,98,1.72
6,93,0.39
9,70,0.24
24,93,0.45
14,94,0.31
41,98,1
8,95,0.43
6,90,2.31
5,96,0.2
49,97,1.54
39,96,0.57
14,97,2.06
3,100,0.58
36,92,2.08
5,68,0.77
32,96,1.05
18,97,0.72
19,93,0.36
18,97,0.74
7,100,0.17
106,85,5.86
9,93,0.77
11,96,0.35
71,97,6.59
42,98,2.86
17,99,0.42
21,97,0.78
24,98,1.37
32,95,6.44
80,99,4.76
10,83,0.19
11,100,0.17
2,90,1.2
44,96,3.66
6,93,0.19
2,90,0.9
5,84,0.56
3,100,0.37
25,95,1.62
12,90,0.42
70,99,1.13
136,98,2.45
176,97,2.38
123,95,4.15
10,96,0.25
17,89,1.85
4,90,0.11
33,93,2.56
78,99,2.47
193,95,3
4,85,1.56
63,96,5.83
3,100,0.25
22,90,0.99
6,90,0.33
69,99,2.77
211,95,2.62
2,100,0.34
351,95,6.46
3,93,0.19
177,98,5.95
4,95,1.17
4,100,1.58
3,93,0.78
84,97,6.81
6,97,1.67
3,90,0.57
11,96,0.43
27,97,1.75
14,99,1.19
1,100,0.12
29,99,1.9
1,80,0.19
58,100,2.14
17,96,0.86
19,92,1.88
5,100,0.24
13,94,0.72
188,98,5.07
12,89,2.83
9,93,0.7
37,94,1.55
64,94,3.07
7,97,0.13
112,98,3.84
14,97,0.93
8,98,0.95
15,93,7.03
13,100,1.29
46,88,2.79
56,92,2.18
18,97,1.86
10,84,0.56
6,100,0.92
4,95,0.88
34,97,3.11
62,99,1.5
49,93,1.72
2,90,0.13
1,100,0.28
30,94,0.71
4,95,0.9
4,100,1.56
1,100,0.81
20,96,0.26
71,99,1.9
3,100,0.99
39,92,1.59
135,97,3.9
13,97,0.55
187,96,3.41
20,97,5.5
67,92,1.21
66,98,4.25
9,100,3.1
131,95,6.96
35,99,3.62
144,98,2.81
5,100,0.17
3,100,1.25
13,95,0.98
19,93,1.21
42,99,1.23
5,80,1.95
163,86,8.67
14,97,0.83
21,100,1.2
146,95,2.85
138,96,3.43
72,95,1.2
42,99,3.57
4,95,0.25
5,100,0.13
11,98,0.26
90,96,6.78
45,98,4.46
8,98,1.76
5,100,0.45
8,95,2.02
12,98,0.58
5,96,1.67
189,96,5.91
123,80,3.8
7,91,2.84
3,93,0.91
4,95,0.39
35,91,1.39
75,97,3.22
11,96,4.23
11,96,4.52
71,98,1.05
75,97,1.81
1,100,0.17
15,100,1.61
2,100,1.02
15,100,5.11
25,91,1.27
12,98,0.88
19,95,0.29
117,99,1.99
83,94,5.18
6,83,0.22
4,100,0.29
7,100,0.64
2,80,0.68
21,88,0.97
12,97,0.9
8,100,3.38
162,94,2.88
125,97,2.36
37,91,1.57
26,93,4.48
244,98,3.51
3,100,0.57
7,91,0.12
25,98,0.64
91,97,1.85
131,94,2.22
1,100,0.91
4,100,0.12
6,100,0.35
13,98,0.23
6,100,0.78
17,99,1.4
2,100,0.05
121,95,2.27
30,91,3.81
21,100,1.18
11,98,1.17
321,95,5.94
6,100,1.17
10,94,0.23
56,95,3.01
62,98,2.79
70,95,1.63
8,86,0.25
44,93,4.8
2,100,0.97
2,90,0.48
35,97,0.62
11,96,0.37
14,99,0.89
45,98,2.37
19,99,2.98
2,100,0.3
3,100,0.19
37,96,1.99
98,96,2.51
6,97,0.14
28,95,1.52
56,97,1.46
67,99,1.28
15,99,1.51
8,83,0.43
3,93,0.25
50,89,1.64
29,99,1.49
52,95,3.63
54,97,4.85
31,97,4.1
4,85,0.56
5,100,0.91
10,94,1.05
16,100,3.56
21,96,0.77
7,100,0.45
55,98,3.1
123,94,4.82
9,95,0.52
14,93,0.53
25,98,1.44
22,96,1.23
20,97,1.03
14,100,0.45
89,96,3.72
86,95,2.65
44,97,4.16
12,98,1.23
32,97,1.74
5,100,0.69
12,98,0.71
92,98,5.64
1,,0.29
45,100,1.07
12,91,0.62
41,95,1.91
3,100,0.11
11,91,0.63
19,98,2.85
13,94,3.28
18,100,2.35
6,100,0.11
8,95,0.89
34,96,1.56
6,93,0.32
40,94,0.94
3,100,0.17
79,93,8.75
52,95,1.49
163,95,2.97
25,94,0.53
37,89,3.09
74,98,2.24
7,87,0.26
26,95,2.89
1,100,0.45
36,99,1.92
27,96,3.21
10,98,3.85
146,95,2.24
3,93,0.35
6,100,2.31
10,87,0.21
30,87,1.67
4,100,0.62
15,89,4.33
133,89,3.18
108,98,1.8
12,93,0.27
4,95,0.24
245,96,5.92
7,100,0.92
4,100,0.61
5,95,0.21
8,100,1.09
3,93,0.38
4,100,0.49
8,100,0.47
4,100,0.85
5,96,4.05
145,95,3.19
11,98,3.3
12,93,1.1
21,94,1
39,99,1.2
11,93,2.66
23,97,1.39
167,96,3.84
9,98,1.45
14,100,1.57
10,94,4.76
4,100,0.33
3,87,1.14
48,97,4.47
29,99,3.75
89,89,4.53
16,100,3.53
188,98,4.11
5,84,0.5
3,100,0.2
293,94,5.67
60,98,1.67
85,98,6.93
83,93,8.01
9,93,2.43
95,97,3.45
30,98,1.94
18,96,1.89
102,96,2.98
14,90,0.89
9,98,2.6
45,98,2.26
14,96,3.93
15,79,0.81
5,68,0.41
7,100,1.04
3,87,0.21
1,100,0.2
6,96,0.2
8,100,0.48
24,97,1.44
34,95,2.06
153,90,7.36
59,98,1.42
7,91,3.82
4,100,0.35
41,98,5.32
30,87,2.36
5,96,0.26
15,92,0.57
31,98,1.57
18,94,4.82
6,100,0.21
20,73,0.89
40,95,4.2
56,98,5.09
9,100,0.53
34,97,2.16
34,99,1.39
23,93,6.11
21,92,0.49
6,100,0.88
1,,0.13
13,94,5.49
9,100,3.42
1,80,0.2
3,100,0.55
8,95,0.2
4,100,1.11
7,94,0.63
1,,0.02
131,94,6.07
35,86,1.03
3,93,2.25
127,98,4.31
179,97,5.26
238,96,6.28
26,97,3.55
2,100,0.48
3,73,0.11
3,87,0.63
13,88,0.43
69,99,4.69
97,99,3.39
62,94,7.88
64,93,3.52
66,100,3.81
43,78,0.59
23,91,0.81
14,78,0.42
2,100,0.5
2,50,0.33
60,95,1.26
3,100,1.96
1,,0.11
66,97,1.26
1,40,0.04
4,90,0.94
25,97,0.76
2,100,0.38
39,87,1.3
22,97,1.08
61,98,5.55
1,100,0.47
61,89,1.14
3,90,0.61
30,82,1.97
171,94,5.36
17,81,3.17
15,99,0.81
5,100,0.08
122,92,3.11
74,94,5.19
125,98,2.22
1,,0.83
2,90,0.33
2,100,0.29
10,90,0.59
12,95,0.28
54,99,3.18
7,91,0.16
57,95,3.22
14,95,0.43
20,86,2.53
2,100,1.18
111,93,1.67
6,80,0.17
3,87,0.39
4,87,0.23
67,93,5.95
58,94,3.99
19,97,1.42
61,88,5.53
52,87,0.96
5,96,3.49
85,92,2
85,100,7.87
99,99,6.28
27,99,0.88
26,94,2.11
22,97,1.3
8,97,2.31
55,91,3.56
26,95,6.67
144,98,2.27
114,97,5.25
87,96,3.34
58,93,5.45
2,80,0.31
111,89,6.97
155,96,3.55
9,98,1.84
8,100,4.71
14,99,0.48
41,89,5.49
38,95,2.66
335,94,6.15
8,100,0.92
23,96,0.42
9,93,1.32
43,94,4.08
12,80,0.41
34,94,1.4
11,89,1.39
14,93,0.46
82,96,5.23
4,100,1.02
3,93,0.48
10,98,0.66
158,92,9.22
3,100,0.41
60,98,1.84
21,97,0.72
85,94,4.82
5,100,1.27
25,92,3.14
254,86,5.14
17,98,0.78
22,93,0.54
11,100,3.75
46,98,2.73
139,93,5.05
47,84,2.41
42,98,1.44
4,100,0.53
5,92,0.2
5,88,0.96
3,100,0.28
44,93,2.7
1,100,0.49
74,93,1.72
16,98,2.67
20,92,3.64
3,87,0.62
9,96,0.12
78,98,4.03
6,93,0.31
9,100,3.33
84,98,2.87
20,98,1.27
135,90,2.38
159,96,4.96
38,91,4.19
395,93,7.19
18,78,0.96
111,97,3.19
21,98,3.46
11,93,1.49
3,100,0.67
8,90,1.08
13,98,0.93
85,87,2.01
26,92,2.7
18,95,0.43
79,94,5.54
12,91,0.75
76,95,4.37
9,98,0.2
62,90,6.24
56,88,2.43
13,86,2.23
41,92,5.32
3,100,0.43
114,94,3.51
11,96,0.16
13,100,1.34
7,89,1.01
30,89,1.52
12,85,0.59
13,78,0.69
7,97,2.53
52,84,2.39
106,84,2.24
32,98,5.71
136,85,2.84
109,95,3.68
30,90,1.58
138,88,2.86
12,95,1.88
3,93,0.58
49,86,1.43
57,91,2.68
3,100,0.23
14,89,0.58
13,100,6
11,96,5
13,88,2.31
16,95,1.01
8,83,0.48
128,99,9.85
91,95,5.72
155,99,6.29
3,100,0.59
56,100,7.5
2,90,0.38
20,95,1.78
2,100,1.25
8,95,0.33
29,92,2.66
14,87,4.62
2,20,0.28
79,94,1.89
35,92,4.53
39,98,1.59
24,81,0.35
46,95,2.17
5,88,0.55
1,80,0.12
27,93,0.39
12,98,1.33
19,96,0.34
16,74,0.24
127,97,4.35
17,75,0.28
1,80,0.03
80,99,4.75
14,97,1.92
2,80,0.41
25,99,2.33
18,98,0.86
39,87,4.4
131,99,9.54
12,98,0.31
127,96,6.68
5,85,1.33
10,90,0.53
1,100,0.39
41,93,1.91
16,93,2.35
7,100,0.12
13,78,2.91
30,86,0.43
11,96,1.45
61,98,2.39
8,85,1.22
19,83,1.49
112,97,3.78
35,94,3.56
2,100,0.69
14,84,3.16
56,93,3.39
59,99,7.7
49,82,1.84
122,86,4.01
67,78,6.93
49,99,6.56
45,85,1.17
40,96,1.64
98,91,2.01
17,83,0.29
39,97,2.05
13,68,0.23
25,94,0.63
3,80,0.71
13,87,0.25
16,89,1.46
11,100,2.17
17,83,0.28
75,82,5.11
74,97,2.26
10,98,0.85
16,86,3.66
2,90,0.31
14,93,3.33
17,99,4.36
21,90,2.64
39,99,5.74
57,99,2.83
7,91,0.56
36,93,2.17
3,80,0.61
16,98,1.94
104,89,1.94
32,91,4.59
29,92,4.92
9,95,0.67
20,98,1.9
3,87,0.23
20,90,4.69
3,87,0.2
70,98,3.9
16,97,0.45
15,76,1.81
114,94,3.47
35,91,0.49
8,98,3.69
8,85,3.08
11,100,0.2
7,97,0.73
7,94,0.27
11,87,0.9
26,85,2.85
76,96,2.95
5,96,0.23
42,99,2.49
6,100,1.27
3,93,0.32
26,94,2.69
38,93,2.59
25,93,1.47
16,88,3.5
11,84,2.08
12,100,1.12
3,87,0.18
5,72,0.46
14,99,0.46
17,95,3.05
14,99,0.83
280,96,5
3,87,0.53
102,95,3.3
1,,0.06
8,83,2.02
51,95,4.65
5,68,0.79
53,87,2.94
2,70,0.66
43,97,4.78
46,94,2.88
29,97,1.9
2,90,0.3
11,100,3.4
6,100,1.51
4,95,1.2
26,97,2.87
53,95,5.62
9,89,3.03
29,96,0.53
9,82,0.28
57,96,2.49
10,96,3.37
14,86,0.26
35,85,2.57
29,86,2.29
121,93,1.91
1,60,0.35
6,100,2.14
31,95,0.69
3,100,1.76
6,97,3.6
43,98,1.98
4,100,1.05
22,98,1.31
152,97,3.68
46,94,5.95
55,96,5.02
116,96,5.97
14,91,0.76
6,93,1.12
4,95,0.21
12,97,0.78
5,96,0.41
24,90,3.06
11,87,3.51
61,98,5.41
18,91,1.86
12,98,1.13
40,96,1.1
3,100,1.38
60,92,2.88
79,92,2.94
112,93,4.11
17,98,0.66
8,93,0.18
2,90,0.44
20,94,2.59
30,83,0.74
5,100,0.78
7,97,1.07
2,100,1.36
12,98,1.11
13,92,0.98
19,96,2.71
40,99,2.33
10,94,1.04
34,97,1.56
85,100,3.77
9,91,3.86
3,100,1.06
58,91,4.75
155,97,3.73
30,91,3.85
11,96,3.06
5,100,0.71
61,97,3.88
39,94,0.69
7,100,0.5
16,95,2.86
4,100,1.14
11,100,2.06
7,97,0.23
69,98,8.28
22,91,3.59
13,97,1.42
16,93,0.83
103,90,4.46
192,95,3.31
4,95,0.36
26,92,1.69
174,94,2.74
9,93,1.24
2,80,0.2
23,97,0.73
40,95,3.2
73,91,1.98
39,82,3.7
14,98,0.68
12,90,0.77
2,90,0.69
20,91,0.86
9,100,0.58
6,100,0.44
15,95,1.88
5,60,2.63
74,90,1.49
4,100,0.21
2,100,0.4
6,100,4.39
192,92,2.99
2,80,1.5
24,87,0.37
146,91,3.08
12,98,3.64
11,93,2.87
5,,1.26
45,95,0.69
59,92,1.13
46,83,5.61
1,,0.41
31,94,2.08
22,86,6.41
12,90,1.49
12,88,1.76
18,91,2.25
22,97,4.46
4,90,1.13
16,95,1.27
7,100,7
15,94,1.87
2,90,1.13
1,,0.23
101,95,2.25
51,92,1.27
4,80,4
5,98,0.13
2,80,0.75
44,98,1.08
117,91,1.97
6,97,1.48
3,87,0.29
7,91,6.56
5,95,0.18
4,100,0.7
10,100,2.97
1,80,0.59
13,94,1.79
8,100,0.74
12,94,0.18
4,100,3.75
11,95,1.21
9,76,2.39
40,98,6.49
10,92,1.37
183,92,2.61
13,94,1.81
10,86,0.82
14,93,4.16
83,95,5.23
5,100,0.11
205,90,2.84
16,78,4.25
16,95,1.92
2,100,0.94
3,,0.07
9,80,3.1
89,91,1.43
34,94,0.64
8,85,2.82
2,80,0.6
3,100,0.56
61,86,1.32
44,87,4.52
75,93,1.5
1,100,0.53
20,91,5.36
15,89,0.37
31,95,3.39
11,89,1.03
62,92,6.99
32,92,3.72
20,96,1.7
2,90,0.41
20,89,2.86
1,100,0.75
23,87,1.88
2,100,0.43
39,96,1.31
8,100,0.27
10,90,0.21
43,87,2.21
7,83,1.3
133,95,5.23
34,99,1.99
7,87,1.07
5,92,0.42
29,81,4.2
66,83,3.18
42,94,1.23
5,96,0.32
81,92,4.64
36,98,9.15
42,94,1.17
161,97,3.94
5,88,0.89
8,75,1.26
13,100,3.25
31,81,1.12
2,80,0.66
10,97,0.36
6,90,1.42
11,98,1.39
23,97,3.05
15,99,2.56
13,91,3.39
8,95,1.26
85,96,2.2
10,98,4.29
51,92,1.46
55,98,3.07
10,92,4.05
16,87,2.07
35,97,2.85
79,96,4.25
16,87,0.58
7,86,1.11
47,80,2.37
128,78,4.25
16,100,2.62
120,84,4.51
63,94,2.46
153,96,4.28
17,93,2.25
25,91,1.4
11,91,3.03
9,98,4.5
97,84,3.63
26,92,4.15
67,96,9.71
6,90,1.76
14,99,2.98
53,96,3.67
81,82,3.61
9,87,0.95
1,80,0.36
14,97,1.68
18,94,0.57
61,98,8.24
20,94,2.35
3,87,0.22
10,100,0.69
1,80,0.17
5,100,0.4
25,99,0.88
14,100,1.49
9,100,3.46
6,80,1.33
165,97,5.83
29,97,2.64
28,98,4.35
38,93,5.79
28,91,0.62
113,92,3.18
13,97,0.24
19,86,1.54
17,98,0.34
8,91,2.26
32,89,0.9
130,97,3.41
12,93,0.4
31,95,1.57
5,100,0.39
201,90,2.73
207,93,6.32
6,100,1.05
90,95,3.53
108,96,3.01
6,97,0.51
9,84,0.61
53,94,2.91
5,100,0.44
3,80,0.46
127,94,3.19
3,87,0.8
11,94,1.02
36,96,0.54
14,97,0.76
1,100,0.86
55,96,1.36
98,97,4.19
38,95,2.61
99,96,4.3
224,98,3.38
5,100,0.14
8,100,1.62
7,100,0.37
82,97,1.74
6,83,0.73
10,94,0.3
24,95,3.55
11,87,0.34
28,74,0.55
88,92,3.94
73,99,3.86
3,70,0.27
40,93,1.14
2,90,0.28
37,73,1.25
36,95,1.12
9,100,0.64
2,100,1.13
4,95,0.17
27,97,0.32
2,100,1.11
15,75,0.51
163,98,8.84
7,100,0.76
112,92,2.05
53,89,5.37
57,93,3.58
258,93,8.32
14,97,1.53
17,100,1.04
64,95,2.07
89,95,4.58
29,97,1.69
11,100,0.48
7,100,1.32
7,92,0.14
37,94,2.03
73,93,1.84
4,95,0.3
69,99,2.79
67,96,8.1
90,98,5.82
208,95,2.5
164,94,4.67
103,83,4.65
23,97,8.21
3,100,3
6,100,0.13
2,70,0.61
4,100,0.47
10,98,0.58
273,97,6.19
20,93,0.81
7,97,0.29
3,100,0.22
11,98,0.89
6,92,1.42
13,95,0.33
47,96,3.16
16,90,0.57
6,70,0.24
9,85,0.32
22,100,0.69
13,98,0.51
5,92,0.88
6,90,0.39
21,99,0.52
2,80,0.32
6,100,0.14
71,96,2.72
13,98,1.07
16,99,3.81
3,100,0.51
2,40,0.09
3,100,0.18
16,98,0.48
6,100,0.16
79,95,2.4
13,90,0.72
22,96,0.7
41,92,3.89
12,98,1.88
44,85,1.15
166,82,4.15
120,96,4.16
7,91,0.72
200,94,6.23
88,90,4.77
38,92,1.02
21,94,0.75
3,93,0.21
15,93,1.1
4,100,0.69
159,96,2.9
26,92,0.88
24,92,0.46
41,98,3.63
6,92,1.19
1,80,0.13
20,94,0.48
10,98,0.5
2,100,0.26
66,98,3.76
40,97,1.3
1,20,0.09
219,93,3.41
51,96,1.05
79,99,6.11
5,92,0.4
77,99,2.38
17,73,0.26
8,85,0.39
4,93,0.16
88,96,1.57
11,96,0.69
61,95,1.54
134,92,4.39
41,93,1.85
8,88,0.41
84,94,3.11
18,100,0.61
4,85,0.32
2,20,0.86
3,100,0.36
365,97,7.24
6,96,1.36
18,99,1.56
16,94,1.16
36,94,5.24
6,100,1.19
5,80,2.05
116,96,2.02
6,90,0.35
12,100,0.43
62,97,1.53
12,98,0.42
20,94,5.04
23,95,2.89
25,98,3.28
6,100,0.2
6,97,0.55
2,80,0.67
3,100,0.09
10,93,0.35
7,91,0.47
5,100,2.46
48,89,2.2
2,80,0.3
30,75,0.98
3,93,0.09
6,87,0.99
30,94,1.37
44,91,1.03
9,96,0.54
90,96,3.81
4,100,3.43
20,99,1.8
8,95,0.44
19,98,0.3
48,95,4.75
33,72,0.8
122,98,2.29
164,95,3.26
13,92,0.47
14,94,1.3
5,96,0.67
67,96,1.67
11,98,1
60,94,1.73
31,94,0.86
51,97,1.72
165,98,6.6
7,100,2.73
4,100,0.1
142,96,3.23
53,98,3.68
20,99,1.45
37,94,0.94
3,93,0.4
63,98,2.17
118,93,3.02
23,95,1.23
30,96,0.75
50,100,4.29
242,95,2.72
13,89,4.33
253,88,8.41
2,100,0.37
174,98,3.14
7,86,2
24,98,2.11
4,100,0.28
24,99,4.53
2,100,0.03
64,95,5.41
130,98,3.37
19,99,0.48
20,95,2.84
3,93,0.16
26,98,1.37
60,98,0.92
8,98,4.07
27,97,0.98
17,96,6.37
2,90,0.1
8,90,1.25
25,99,2.39
35,99,3.41
14,99,0.92
41,92,3.81
4,85,0.98
17,99,1.18
40,98,1
59,99,1.02
34,79,0.82
109,97,6.53
13,98,0.32
30,97,4.15
13,92,4.64
12,92,0.33
33,91,2.6
8,98,0.26
305,99,8.15
14,87,0.26
28,99,1.82
28,95,0.98
1,80,0.65
109,99,4.47
69,100,1.89
121,94,2.9
5,96,1.42
50,95,0.99
76,95,1.85
45,92,3.27
10,94,1.46
41,97,0.92
2,80,0.5
84,98,2.49
38,98,0.74
53,94,1.17
6,100,1.96
60,99,1.25
31,83,1.6
159,92,4.47
21,97,1.91
32,98,1.86
53,95,0.78
16,96,0.91
22,99,4.68
20,94,0.27
18,92,1.2
12,98,1.09
5,96,0.99
14,96,0.69
7,100,1.06
2,80,0.16
64,98,1.92
2,90,0.22
15,92,0.65
15,92,3.78
15,80,0.46
11,100,0.84
18,92,4.22
19,98,1.36
15,90,2.01
3,93,0.15
7,83,0.09
3,100,2.05
19,99,3.31
24,100,1.22
54,98,3.12
2,90,0.07
9,83,0.21
6,100,0.31
18,95,0.55
43,98,1.46
18,98,3.18
1,80,0.28
1,40,0.25
201,96,3.58
7,97,0.24
40,95,2.24
5,92,2.08
40,96,0.71
92,93,5.59
83,97,2.82
28,94,0.46
74,97,3.82
31,96,7.05
8,100,0.19
2,70,0.85
26,99,0.62
9,96,0.93
9,98,0.3
18,98,1.33
28,96,4.18
4,98,0.1
78,93,4.57
29,97,0.54
41,90,1.91
2,100,0.52
18,92,1.69
78,96,2.46
102,94,3.92
3,96,0.1
8,78,0.44
51,95,0.74
64,98,3.56
34,98,3.1
26,92,5.23
1,100,0.57
166,97,3.18
64,98,0.76
70,95,3.67
10,100,0.65
181,92,4.11
71,98,1.2
1,,0.58
12,95,0.75
103,94,1.76
14,96,2.55
30,97,0.69
132,93,1.89
35,93,1.02
45,95,3.08
5,100,0.2
32,96,7.44
19,87,2.89
2,100,0.9
11,100,0.51
28,66,0.54
95,95,1.77
11,85,1.77
435,98,4.81
16,96,2.81
35,93,1.92
3,93,3
40,94,0.98
28,92,4.38
11,100,0.9
54,94,1.84
9,96,0.58
64,88,1.47
5,100,0.67
34,79,3.72
56,98,2.56
3,100,0.35
7,97,2.33
103,95,1.93
5,92,0.72
64,93,4.51
17,99,1.92
78,94,3.41
46,99,2.96
22,98,1.76
8,93,0.53
19,99,3.85
6,96,0.34
13,100,0.25
45,95,2.28
23,97,0.72
53,92,1.25
16,98,2.84
41,96,1.62
9,96,0.22
6,70,1.41
5,76,1.63
4,85,0.63
43,98,1.19
22,74,0.33
3,80,0.24
2,90,0.35
13,97,1.98
10,100,0.78
3,100,0.53
55,92,2.47
19,96,1.4
11,100,0.25
68,96,1.77
2,80,0.05
9,100,0.46
37,95,0.45
11,95,2.44
12,68,0.43
8,94,1.8
6,96,0.5
34,92,1.14
7,100,2.28
92,96,1.37
104,92,4.76
30,97,2.75
112,91,3.24
15,88,1.76
82,98,3.57
22,92,3.25
20,90,6.67
34,99,1.14
1,40,0.3
1,,0.86
149,99,3.13
5,95,0.1
2,80,1.36
3,100,1.32
14,94,0.71
48,96,0.7
10,100,0.93
12,95,0.52
62,93,2.06
12,90,0.59
29,91,0.93
5,90,0.29
16,96,0.33
5,96,0.53
45,98,1.53
38,86,3.58
12,92,0.46
14,97,0.72
10,84,1.3
21,99,4.92
12,100,4.19
1,,1
31,97,0.56
10,98,0.98
39,97,1.26
44,95,3.7
4,65,0.13
5,92,0.29
14,100,0.34
20,89,4.76
5,95,0.83
15,100,0.5
42,96,1.77
21,97,0.88
21,99,0.27
83,95,4.5
13,100,0.61
4,80,1.28
31,95,5.47
49,90,0.98
17,94,3.54
21,93,1.18
11,96,0.46
6,97,0.9
24,98,2.24
6,92,1.08
1,,0.03
21,97,4.34
113,98,5.16
8,95,2.58
115,98,5.15
12,89,1.27
8,85,3.12
54,90,4.15
27,94,0.77
14,99,0.56
31,99,0.39
194,99,4.77
23,93,0.54
27,94,4.55
1,,0.26
41,98,3.19
3,87,0.13
29,88,4.63
104,97,2.56
52,93,1.63
5,96,0.24
20,100,0.48
6,87,0.4
47,99,0.98
14,97,3.02
5,96,0.69
39,100,2.93
36,79,0.88
43,98,7.17
5,100,0.41
226,97,5.68
3,100,1.41
2,90,0.14
109,98,4.02
124,96,8.23
105,86,4.09
39,95,2.6
10,86,0.93
1,,0.07
3,93,0.22
78,95,3.71
15,100,0.63
2,70,2
1,100,0.56
9,98,0.58
2,100,0.58
24,96,0.78
5,88,0.33
15,99,3.46
12,95,1.23
46,99,1.77
146,97,2.66
22,96,1.45
9,93,0.76
28,96,0.79
82,89,1.87
11,93,0.72
4,100,0.25
183,86,2.8
50,98,2.82
31,97,0.94
159,97,3.53
22,89,1.31
3,93,1.53
79,92,4.26
5,96,0.21
3,100,0.74
35,97,1.62
256,90,4.85
44,89,0.79
62,93,2
1,100,0.58
61,88,4.15
15,94,1.58
1,100,0.38
33,96,1.04
2,60,0.24
7,97,1.27
9,96,0.95
9,96,0.33
11,91,0.3
12,92,2.71
56,96,2.22
46,91,4.66
102,92,1.52
30,90,0.96
61,95,4.15
12,98,0.61
10,94,0.26
70,90,2.08
27,100,0.66
71,95,2.46
4,100,0.07
54,94,3.39
6,87,0.79
10,92,1.46
227,97,4.62
2,80,1.18
72,94,3.65
14,99,0.71
11,100,0.54
30,96,1.95
121,99,5.04
29,97,4.94
144,94,3.15
1,60,0.05
8,97,0.78
7,89,0.42
183,94,5.12
29,97,0.63
17,98,1.23
46,98,0.78
41,97,2.6
10,100,0.24
18,91,0.5
29,97,0.99
17,100,0.68
115,94,1.73
1,100,0.63
14,97,1.69
6,88,0.38
62,72,2.98
74,91,5.03
38,100,2.3
124,92,3.76
102,97,4.37
36,92,3.06
16,91,3.1
3,100,0.21
4,80,1.82
108,94,3.55
1,94,0.03
70,85,5.93
40,99,0.67
19,95,0.43
35,99,2.44
8,100,0.41
12,97,2.24
2,100,0.74
17,88,3.54
8,85,1.43
7,100,0.79
23,98,4.18
9,100,1.61
173,96,4.3
68,98,2.89
18,94,0.33
12,98,1.12
25,98,0.36
10,96,0.54
2,80,0.36
51,95,3.29
77,94,3.58
88,95,2.89
7,100,0.27
13,100,3.79
71,95,5.68
48,91,1.12
11,98,2.1
23,83,5.04
192,97,6.21
4,93,0.25
3,93,0.12
38,96,0.77
19,96,1.54
4,100,1.85
87,95,4.22
10,96,0.33
2,80,0.12
4,95,0.26
9,83,0.27
22,99,1.2
7,100,0.11
33,96,2.7
61,96,3.22
4,100,2.93
61,96,1.31
119,90,3.86
5,95,0.09
2,80,0.38
9,91,1.37
11,100,6.6
48,93,2.23
7,97,0.41
58,96,5.27
6,100,0.61
2,90,0.11
20,87,0.63
87,100,3.2
20,97,0.53
85,98,8.39
2,100,0.44
8,97,0.12
51,89,0.9
32,97,1.31
10,98,3.49
3,93,0.55
6,100,2.28
45,92,2.49
63,97,2.33
28,96,5
17,98,0.26
8,100,0.13
26,96,4.13
35,90,2.16
3,87,0.1
66,93,2.29
317,88,7.23
6,100,2.25
5,76,0.16
16,96,4.25
366,97,7.26
35,99,2.5
10,100,0.47
80,91,1.71
51,98,1.45
3,100,0.16
104,98,4.2
43,96,0.81
67,99,2.75
3,93,1.17
115,96,7.16
244,93,4.66
36,92,2.05
18,98,0.85
238,96,3.57
26,99,7.43
54,87,1.31
78,86,2.29
35,99,3.13
15,100,1.64
4,100,0.17
103,95,3.04
9,96,2.35
57,98,1.17
56,94,1.36
18,100,2.86
64,94,3.74
37,89,3.96
15,100,4.29
100,99,5.09
36,93,0.9
6,100,2.07
45,95,1.34
63,99,2.03
236,93,3.49
3,80,0.18
23,93,0.84
66,90,2.2
4,95,0.7
49,88,1.09
85,99,5.39
10,94,2.05
22,99,1.15
100,98,2.43
11,96,0.63
82,92,2.27
63,95,1.99
46,92,4.25
114,97,2.73
9,91,6.75
58,89,1.49
11,98,1.59
13,98,0.37
12,93,3.19
43,90,2
16,88,1.34
3,93,0.86
25,92,0.57
3,100,1.15
27,92,0.84
166,96,3.25
3,100,0.44
8,98,1.08
5,96,2.54
65,98,3
35,95,1.71
13,92,0.54
8,88,0.24
25,98,1.33
119,98,6.07
17,94,2.36
29,92,1.04
72,95,4.37
13,100,4.06
7,94,0.35
18,100,2.49
16,96,3.06
32,95,0.82
22,92,0.52
10,92,2.34
2,90,0.2
8,100,2.29
33,94,2.65
22,98,0.89
55,88,1.69
59,94,1.35
75,96,1.23
49,85,1.11
11,95,0.31
144,97,4
30,87,1.44
23,98,0.86
7,100,0.13
3,100,1.05
36,94,0.96
105,98,1.59
4,100,0.78
8,98,2.31
15,85,3.06
1,,0.21
106,96,3.13
12,98,0.69
9,95,0.31
144,88,6.25
129,89,6.42
13,69,2.13
33,99,3.68
57,99,4.28
38,98,1.3
44,98,3.84
7,83,0.44
11,96,0.21
128,96,7.36
6,88,0.29
48,95,3.9
71,99,2.51
18,86,0.59
3,87,2.37
3,100,0.06
149,95,3.22
18,96,0.63
121,94,2.37
18,94,0.27
11,100,6.23
26,97,0.97
6,100,1.12
5,96,0.46
14,93,0.4
240,94,5.85
25,99,2.43
19,96,1.74
10,98,0.51
24,98,1.4
20,88,1.04
7,94,0.41
2,60,0.61
12,97,1.79
5,100,0.28
38,95,2.42
11,100,1.42
8,85,0.75
48,92,1.24
5,90,0.28
21,97,4.23
13,97,1.23
39,98,5.09
68,97,4.9
9,96,0.29
10,98,1.64
16,98,5.16
5,92,0.35
89,93,6.54
12,83,1.51
2,60,0.33
157,97,3.56
78,87,7.24
16,95,0.94
9,98,0.26
6,93,0.91
13,90,1.35
47,93,4.26
89,90,3.77
8,98,0.42
70,99,5.2
168,96,2.69
14,90,2.03
3,93,0.45
14,84,2.14
94,96,5.32
34,86,2.56
41,100,0.88
14,83,2.28
13,82,2.05
33,91,0.75
8,93,1.15
47,94,7.01
187,98,4.24
89,94,6.64
113,93,4.04
152,95,4.25
3,87,0.47
6,100,0.49
4,100,0.27
103,96,3.46
64,95,2.34
26,85,1.8
8,98,1.61
10,86,0.37
66,96,2.42
90,96,1.36
10,100,0.53
15,97,0.43
66,97,0.99
37,98,1.9
5,96,0.52
151,96,4.37
12,90,0.52
54,96,1.67
10,82,1.22
11,100,2.09
13,83,2.05
17,93,2.73
76,92,1.86
87,96,3.06
4,100,0.74
26,96,3.82
8,100,1.45
2,100,0.41
9,98,1.69
7,77,0.72
100,97,2.74
15,87,0.6
7,100,0.39
32,95,0.85
28,99,0.46
23,93,4.96
2,100,1.2
44,94,1.01
61,99,1.1
3,87,0.55
40,98,2.4
24,79,1.61
76,84,1.15
4,85,0.75
1,80,0.26
15,95,0.27
167,97,2.98
28,100,2.31
3,100,0.52
7,97,2.47
40,88,2.56
14,98,0.52
11,80,1.07
2,100,1.33
91,86,2.2
14,91,0.68
14,97,0.53
3,100,0.42
91,95,2.88
60,93,7.23
14,99,0.69
24,95,1.21
7,93,0.19
142,92,4.07
10,88,1.76
7,100,1.43
49,99,3.51
12,100,0.76
7,94,0.23
16,91,0.39
15,93,1.37
7,97,0.37
3,100,0.71
2,40,0.16
55,95,1.22
1,80,0.24
19,85,1.72
3,87,0.09
20,100,1.36
6,90,0.9
16,97,1.52
63,94,1.75
21,94,0.64
93,96,5.78
174,94,3.2
61,95,2.59
34,96,0.65
62,98,1.49
46,91,1.71
17,88,0.72
9,100,2.52
5,100,0.19
159,96,5.28
14,97,0.43
28,97,0.81
10,100,0.36
9,100,1.37
18,91,0.43
6,95,2.73
14,96,1.38
82,97,3.97
6,100,0.84
25,95,2.82
14,97,1.27
99,93,3.19
13,92,0.82
16,94,0.52
69,99,3.34
15,100,0.38
73,99,1.29
10,100,0.99
4,93,0.19
6,100,1.68
16,99,0.45
17,84,1.68
10,92,0.39
65,97,1.64
5,100,0.46
53,95,3.1
8,100,1.11
9,96,0.48
56,98,3.69
10,92,2.08
6,92,0.32
16,84,1.68
5,80,0.42
47,97,1.09
27,97,0.66
35,92,4.67
105,97,1.81
16,99,1.68
4,100,1.38
8,98,1.41
16,85,1.64
127,99,2.44
1,,0.59
9,87,0.55
6,100,0.46
12,93,1.77
5,95,0.35
7,94,0.73
51,90,2.41
2,80,0.59
89,88,3.46
30,92,1.79
9,100,1.04
16,99,0.56
27,99,2.45
51,91,1.98
40,95,3.28
22,87,5.41
5,100,0.88
15,100,3.54
66,98,4.11
18,96,0.34
24,100,0.6
1,,0.32
9,99,0.17
26,100,5.17
92,97,1.77
11,91,1.12
9,88,0.16
13,98,1.28
22,97,0.62
3,87,0.11
95,89,3.27
72,89,2.68
16,98,0.27
8,83,0.49
5,96,0.71
19,98,4.04
8,100,0.66
3,90,0.56
7,90,0.47
4,95,0.14
15,99,1.62
140,94,2.65
35,99,1.76
52,80,2.65
6,100,0.65
10,96,0.68
5,80,0.77
35,94,1.1
14,100,0.89
36,95,0.9
73,96,2.1
12,95,2.37
9,100,1.69
1,,0.48
93,89,2.55
13,95,0.65
7,100,2.02
4,95,0.78
8,97,0.63
9,98,1.1
3,100,0.9
93,91,3.49
102,95,6.52
89,88,3.15
6,96,0.12
23,97,0.56
3,100,0.79
9,98,3.46
55,94,1.28
18,98,0.35
37,91,1.35
6,100,1.73
4,100,0.15
7,89,0.17
10,100,0.57
19,91,4.71
20,95,0.81
44,89,2.68
2,,0.14
15,95,0.74
14,95,0.85
6,100,1.1
64,94,2.07
12,77,1.14
26,95,4.31
6,100,1.44
43,93,4.24
16,80,0.5
9,93,0.55
22,100,1.18
41,98,1.34
8,98,0.51
4,100,0.16
28,97,0.64
16,86,0.49
15,97,0.56
5,92,0.16
26,98,0.48
47,100,2.32
204,98,5.73
33,93,3.4
5,67,0.76
20,99,0.7
4,100,0.5
5,92,1.74
8,100,0.69
2,90,0.94
3,100,1.73
5,84,0.24
19,93,2.31
6,93,1.26
4,93,0.58
6,83,0.15
27,93,1.47
3,87,0.48
49,98,1.73
6,98,0.12
60,93,2.52
6,90,0.83
45,97,0.85
36,99,2.52
57,97,0.85
93,87,1.49
16,96,1.82
3,93,0.42
13,95,4.48
3,90,2.25
9,85,0.4
86,89,3.23
11,96,0.76
25,95,0.8
31,97,2.18
77,96,3.3
16,94,0.65
6,90,0.87
3,87,2.5
87,92,2.64
56,77,2.85
88,98,5.24
24,97,6.21
8,73,2.22
118,91,2.28
6,97,0.91
1,40,0.07
3,73,0.44
35,90,3.93
15,95,1.63
7,83,0.15
12,90,0.31
38,95,1.81
18,81,5.45
45,98,0.96
8,83,1.49
6,97,0.26
8,100,0.95
46,89,4.74
75,93,4.8
18,99,7.71
3,87,0.9
37,79,3.84
77,94,7.94
101,86,6.67
164,92,4.59
10,91,0.56
58,94,2.13
19,98,1.53
7,92,0.11
69,96,4.24
4,90,0.27
19,97,3.22
7,94,1.74
1,60,0.68
78,96,4.23
13,86,3.36
58,96,3.9
15,100,3.81
16,100,8.42
12,82,0.43
83,85,5.53
4,50,0.17
33,86,4.97
99,87,7.21
102,94,5.47
61,75,3.09
50,87,1.55
44,95,1.83
36,90,1.74
62,89,1.2
12,97,0.6
44,96,2.81
179,99,3.36
71,89,2.64
18,91,1.99
48,95,3.69
9,87,0.84
29,88,4.08
42,95,6.3
12,97,1.6
121,93,4.85
22,95,5.74
11,100,1.3
23,97,4.34
3,93,0.2
25,82,3.26
3,60,0.2
47,94,7.75
110,91,3.22
15,91,1.73
7,94,0.26
154,92,5.29
26,95,4.59
26,84,5.1
27,96,8.1
71,96,6.45
14,85,1.75
2,90,1.05
52,84,5.49
7,83,2
269,87,4.12
28,99,0.97
3,93,0.68
20,83,1.86
13,85,3.48
51,94,3.17
17,98,3.25
16,86,2.12
34,94,4.21
31,95,4.01
44,92,0.5
25,94,2.04
57,89,2.04
9,89,1.21
66,97,4.04
25,94,3.23
12,98,1.81
18,92,2.49
3,100,1.01
1,60,0.4
275,97,4.66
72,96,4.54
17,87,2.68
123,95,1.6
10,100,2.8
23,98,1.52
11,98,0.21
3,90,0.25
24,97,8.28
17,92,0.87
96,98,5.89
11,96,2.09
64,98,3.96
62,98,6.89
28,88,1.36
20,85,2.06
46,94,9.52
3,93,1.07
25,93,1.02
13,100,0.64
50,99,1.32
22,98,0.56
41,95,3.67
32,90,1.22
124,94,1.81
5,96,0.36
60,89,4
21,95,0.68
1,80,0.31
42,91,0.94
4,99,0.09
33,89,1.22
16,90,2.55
17,93,4.64
8,98,2.29
4,93,0.08
28,97,0.47
8,98,0.48
36,98,2.76
45,97,2.9
21,95,0.54
5,100,0.52
2,,0.53
27,87,2.6
137,94,7.43
25,95,0.61
211,98,8.36
12,91,0.72
202,99,8.94
18,99,0.99
1,20,0.25
44,99,1.12
15,97,1.89
6,100,0.25
20,92,0.9
3,80,0.21
1,80,0.35
52,99,2.99
57,99,1.33
9,97,0.71
14,83,0.77
18,98,1.44
7,100,0.22
74,88,1.84
37,92,0.89
51,97,1.51
21,92,1.59
111,93,1.66
6,93,0.58
17,93,1.26
225,98,9.2
79,96,1.18
111,99,2.69
96,100,2.88
28,94,1.5
6,83,0.38
65,98,2.37
27,95,5.23
20,95,2.42
24,100,3.65
17,98,1.03
69,94,1.86
4,80,1.88
19,93,2.66
20,97,2.12
123,96,3.06
22,86,2.65
8,100,1.07
67,95,1.47
30,100,1.62
7,100,0.59
34,95,0.66
114,92,1.52
50,84,3.25
20,96,1.74
118,96,3.49
30,96,1.91
1,60,0.34
6,97,0.44
11,96,0.93
10,100,1.52
17,89,0.29
11,95,0.56
26,90,1.71
5,98,0.12
12,83,1.29
29,100,2.07
90,96,1.67
10,86,0.18
10,94,0.35
75,96,1.16
6,93,0.36
13,96,0.81
27,92,0.36
8,95,0.58
5,100,0.29
20,98,1.05
3,87,0.73
10,98,0.91
8,90,0.73
79,96,1.44
4,85,0.16
4,95,2.67
11,100,0.35
155,92,2.25
6,93,0.5
25,90,2.05
11,89,1.82
2,100,0.24
30,99,1.53
4,95,1.38
48,97,1.08
66,91,4
19,95,0.38
27,93,1.9
19,95,0.52
60,98,1.58
20,96,1.87
12,92,0.61
37,90,3.32
7,100,0.75
8,97,0.58
12,97,1.67
53,83,3.44
4,90,0.43
1,80,0.1
5,96,1.12
111,96,3.6
91,96,2.95
87,94,2.82
158,96,2.71
20,97,1.45
110,98,5.54
20,90,2.91
184,92,5.47
55,98,3.08
79,97,1.06
2,90,0.64
1,40,0.43
82,94,2.65
11,87,3.63
163,96,2.08
38,99,1.87
19,97,1.86
23,91,1.46
38,96,0.95
2,100,1.67
9,96,0.5
1,80,0.54
57,97,7.15
17,93,4.02
5,92,2.63
12,97,4.34
13,91,1.13
3,99,0.06
29,84,3.63
5,84,0.13
233,94,4.84
8,88,0.81
46,96,2.7
4,95,1.3
4,95,0.13
19,81,3.83
6,95,0.57
47,75,1.25
32,97,0.83
104,99,1.93
3,87,0.08
12,68,0.68
5,100,0.58
1,100,0.94
94,98,9.4
88,95,1.2
58,95,3.69
3,73,0.71
19,99,3.02
46,79,4.27
23,90,7.42
19,93,1.62
8,73,0.21
14,84,1.28
28,84,3.78
33,90,0.92
8,97,0.27
4,100,0.54
11,96,4.78
6,77,1.33
9,96,3.8
13,86,0.74
12,95,4.14
42,93,2.89
13,100,0.73
11,100,0.45
78,100,7.09
2,100,1.28
2,100,0.42
9,88,0.22
5,99,0.09
23,94,2.61
9,100,2.5
13,97,3.45
2,100,0.51
14,90,1.32
25,84,3.22
9,96,0.45
51,95,2.59
43,92,1.57
14,74,0.4
33,90,0.9
9,80,8.44
52,89,5.86
19,98,1.19
4,100,3.53
16,71,0.9
5,88,1.06
22,96,0.57
40,98,5.85
18,94,1.75
23,83,5.07
22,100,1.4
16,96,0.81
11,100,0.77
3,100,0.4
58,98,1.53
15,76,3.02
10,84,0.68
12,70,2.43
9,96,0.56
8,90,3.12
2,70,0.68
8,98,1.62
7,88,0.65
10,82,2
15,86,1.23
8,83,2.12
4,100,2.55
148,93,2
18,97,0.58
55,90,2.2
164,96,5.75
93,94,2.36
15,97,2.73
3,100,1
37,95,1.67
15,97,2.3
6,90,0.3
11,91,3.75
63,100,7.03
7,100,6.56
4,73,2.11
60,80,1.74
10,100,0.94
6,100,4.19
75,97,4.21
41,99,0.96
38,95,3.43
16,94,1.93
73,94,3.84
3,80,0.88
10,86,1.46
10,93,1.3
14,93,5
5,96,1.72
19,97,1.6
46,91,2.89
9,96,0.52
20,86,1.57
20,76,2.68
110,91,5.47
18,100,1.18
1,80,0.04
7,97,0.35
10,94,0.91
2,80,0.43
5,100,1.76
28,93,0.94
4,95,0.32
40,97,1.35
1,100,0.61
84,82,6.87
15,85,8.82
15,93,0.36
16,95,5.05
2,90,1.36
39,88,4.02
18,99,4.91
3,93,2.81
21,100,0.55
34,89,6.94
4,75,3
2,80,0.34
14,88,1.59
18,100,1.99
27,94,0.6
78,97,1.27
9,94,0.3
33,93,2.58
6,100,0.83
7,89,0.45
33,79,6.31
14,88,2.68
3,80,1.96
20,87,2.59
9,98,6.59
120,97,6.47
2,80,0.14
6,90,1
160,97,2.4
24,75,2.24
5,75,1.02
8,78,0.49
4,90,0.26
7,94,1.26
51,96,1.98
17,96,0.46
73,93,1.69
23,96,1.11
68,94,1.96
22,92,1.23
1,80,0.32
2,100,0.7
100,96,2.16
56,98,1.92
16,71,2.58
39,94,3.3
2,90,0.24
201,97,5.11
7,100,2.41
57,95,3.59
9,98,0.82
4,100,0.73
2,100,0.45
15,100,4.17
9,98,1.82
8,100,0.29
209,97,4.36
5,100,0.68
33,90,2.58
172,97,3.06
6,96,0.66
4,85,2.31
21,98,1.13
11,87,1.56
97,85,4.36
34,85,3.89
7,94,1.91
221,95,4.61
7,94,1.08
2,70,1.2
34,95,2.02
17,91,0.92
4,95,3.64
19,80,3.43
10,98,2.8
2,98,0.03
42,97,0.85
3,100,0.38
69,100,2.28
3,100,2.09
100,99,2.44
10,100,2.01
80,80,1.89
59,97,4.52
21,96,1.19
30,85,3.78
7,67,0.91
83,88,3.74
16,85,2.79
6,100,0.37
9,93,0.94
37,91,4.05
3,87,2.05
6,100,0.32
5,100,0.36
33,95,1.53
11,100,3.84
15,97,2.51
25,87,3.35
5,84,0.71
46,94,1.99
1,,0.36
32,95,1.01
7,92,0.09
99,93,2.56
42,80,7.37
20,80,3.09
11,94,1.49
17,75,6.89
12,100,0.72
13,92,1.15
1,80,0.11
9,100,0.63
3,100,0.27
25,100,2.09
17,100,2.31
9,88,1.41
91,87,5.65
33,95,3.11
14,83,2.76
39,92,0.96
14,96,1.09
28,91,3.16
77,96,4.86
67,97,8.38
37,99,0.66
10,93,0.6
130,93,4.3
65,91,4.53
9,96,1.99
4,100,1.76
4,93,1.43
42,92,2.13
33,99,1.1
12,98,1.6
2,80,1.13
4,80,0.39
2,60,1.62
3,100,1.18
76,83,7.5
17,93,5.15
11,98,0.98
71,85,4.44
6,100,1.06
30,94,3.63
7,97,2.8
17,94,1.44
5,95,0.42
4,95,0.11
17,92,0.99
2,60,2
54,86,2.35
2,80,2
29,95,0.54
1,80,0.21
5,76,1.69
11,98,5.16
7,94,0.43
10,96,0.34
14,99,3.23
105,99,3.59
6,88,1.24
83,100,4.72
8,83,3.08
3,93,0.46
28,99,0.81
35,93,1.07
40,94,0.78
3,80,0.22
13,85,5.42
9,87,0.41
37,96,5.12
59,97,4.84
14,92,0.96
98,95,2.96
3,100,0.69
49,94,6.15
103,96,2.24
2,90,0.19
5,95,1.67
3,87,0.28
16,96,2.93
15,96,0.5
4,100,0.43
127,99,1.68
11,69,0.65
11,98,2.95
6,85,0.16
19,76,3.99
14,89,0.94
14,100,1.36
17,98,4.64
3,80,0.67
2,100,1.4
3,100,0.12
51,90,1.58
62,87,5.24
2,90,0.17
36,97,7.01
5,96,1.03
66,89,5.58
93,96,3.12
15,97,0.92
14,86,2.11
98,93,2.28
53,94,2.02
14,98,1.94
4,95,0.86
47,96,1.72
5,92,2.94
17,81,3.83
14,77,2.8
3,87,3
23,97,0.58
5,100,3.75
2,70,1.5
19,96,2.47
46,98,2.72
23,97,0.94
56,90,1.81
140,89,1.81
7,100,1.57
51,98,2.55
17,99,0.43
9,98,2.27
39,94,1.21
177,97,6.18
4,95,2.11
3,87,0.67
22,97,0.66
21,97,0.73
17,99,0.27
27,98,2.75
9,95,0.25
165,96,5.99
15,99,0.95
11,91,1.42
314,96,6.95
81,95,1.52
60,95,5.47
80,88,4.74
19,94,1.07
22,99,0.96
7,97,1.01
18,99,5.35
1,60,0.07
20,93,0.63
8,95,1.45
63,97,1.59
47,98,3
6,97,0.2
2,80,0.7
6,90,0.15
3,100,0.08
2,90,1.03
5,100,0.16
4,95,0.53
3,100,0.87
24,99,3.14
181,97,2.58
127,96,2.27
53,98,1.24
38,96,2.01
12,97,0.65
37,88,2.52
10,96,2.88
6,97,0.37
16,96,0.52
30,99,1.97
15,96,0.51
2,80,0.47
154,96,4.52
22,96,1.33
16,92,2.36
4,100,1.19
19,96,3.02
6,96,0.62
12,98,0.77
14,95,0.21
76,99,1.96
116,97,4.18
31,93,1.84
7,89,0.46
9,100,2.7
11,95,1.29
15,92,1.48
28,96,2.35
26,95,2.41
105,95,6.52
34,95,5.76
5,92,0.17
17,99,1.11
56,96,1.35
72,93,1.68
11,100,0.6
7,90,0.37
72,96,1.44
127,99,2.87
71,93,6.23
63,95,2.35
58,100,1.72
15,97,1.31
39,98,1.16
110,99,3.73
11,100,0.22
15,91,1.65
5,96,0.92
11,96,0.52
8,93,0.32
1,74,0.02
51,98,1.77
35,98,3.4
91,97,2.69
67,99,1.44
60,96,2.08
59,96,1.43
17,95,1.78
125,96,3.79
33,97,0.75
57,95,3.04
9,96,3.55
257,94,6.26
4,100,0.39
3,93,1.34
12,100,0.33
29,99,1.41
30,97,1.06
23,94,0.55
24,98,0.88
67,98,3.85
10,94,1.24
13,98,2.48
317,93,3.62
173,96,3.21
79,94,2.42
156,98,5.19
2,100,0.68
9,100,0.4
6,100,0.29
5,96,0.96
49,95,1.61
45,92,1.6
9,94,0.65
204,96,3.72
34,98,5.45
3,93,0.92
7,91,0.4
1,100,0.24
16,100,0.88
44,93,0.96
21,97,0.55
6,93,0.56
192,97,2.39
22,93,0.35
15,97,2.05
12,97,1.64
9,96,0.51
29,96,0.7
29,94,2.14
34,98,2.04
21,95,0.78
4,100,0.9
6,96,0.21
14,99,0.23
15,99,0.28
235,95,2.99
18,91,0.42
463,98,8.55
8,95,0.3
9,96,0.28
3,100,1.58
9,100,0.48
2,80,0.29
2,89,0.05
32,97,4.73
15,100,1.52
129,96,2.77
60,98,3.67
93,95,2.5
49,97,4.43
238,94,6.81
18,98,0.75
15,87,0.28
35,98,2.2
417,99,5.45
17,94,2.18
54,98,7.23
44,94,2.9
30,100,0.96
23,93,0.44
38,94,3.5
101,98,1.69
3,100,0.72
6,93,0.55
295,99,6.32
122,94,2.23
38,95,2.71
79,100,4.94
6,100,0.41
14,90,0.32
63,98,8.79
149,99,3.93
10,100,2.26
3,100,0.07
90,97,4.42
92,96,5.73
140,99,2.16
1,,0.1
7,86,0.3
4,75,1.5
3,93,0.6
20,96,1.1
12,93,1.36
19,98,0.66
7,100,0.78
6,96,0.37
3,100,0.97
6,90,0.27
11,96,0.58
12,91,1.4
5,80,0.27
82,88,2.79
5,100,1.33
10,90,0.61
15,97,0.88
83,93,2.51
69,93,3.09
4,100,0.4
19,91,0.45
11,100,0.7
468,99,6.67
13,93,1.52
1,,0.7
10,100,1.59
30,94,4.23
8,80,0.52
8,97,0.51
71,98,0.92
20,94,1.13
12,93,2.24
17,100,1.34
29,92,1.45
6,90,0.38
119,99,5.76
102,89,4.28
45,93,0.82
12,96,0.36
17,99,3.47
4,90,0.39
1,,0.49
2,90,0.88
23,94,0.49
59,97,1.74
49,98,2.87
69,93,0.89
7,94,0.65
20,89,0.7
57,98,0.96
67,96,7.53
114,99,1.68
100,96,3.47
10,100,1.09
31,93,1.18
79,86,2.34
3,87,0.14
40,99,2.54
66,99,6.56
58,97,2.49
160,96,3.53
56,100,3.54
10,96,1.83
40,97,1.37
148,97,4.21
3,100,0.47
70,96,2.2
6,100,3.6
173,96,3.04
71,90,1.89
13,98,0.2
3,100,0.14
12,100,2.86
250,98,5.44
15,96,0.43
201,98,4.84
89,95,3.78
14,98,0.32
4,90,0.4
9,93,1.1
30,100,0.76
14,99,6.67
13,97,0.75
70,96,3.85
91,96,2.21
12,98,1.71
16,99,0.87
4,100,0.09
20,99,0.87
46,85,1.33
270,96,3.96
150,94,6.36
3,70,0.77
36,93,0.5
69,96,2.23
1,80,0.14
128,95,3.59
7,97,0.42
145,100,6.84
145,96,2.7
87,95,3.63
382,98,6.11
120,95,2.72
8,97,1.75
5,100,0.64
258,99,6.26
121,96,4.43
14,100,1.27
22,95,2.68
110,96,2.05
204,94,4.42
14,97,0.57
90,100,1.11
104,98,2.41
11,98,0.56
123,98,3.92
1,40,0.05
70,98,3.99
4,100,0.95
8,100,0.52
8,97,0.22
20,97,0.73
7,100,0.44
22,100,1.96
2,100,0.04
97,97,2.2
71,98,5.2
16,97,0.46
5,100,0.47
169,96,4.05
15,97,1.54
311,98,3.67
14,99,2.15
16,99,0.33
78,94,5.61
189,96,5.33
4,100,0.71
3,87,0.45
119,95,3.83
8,95,1.79
114,98,2.92
25,91,0.45
130,95,2.1
19,100,0.45
26,95,2.04
17,96,0.31
2,90,0.97
46,95,2.46
13,98,0.9
50,97,3.82
3,100,0.39
223,96,4.4
4,95,0.09
94,97,2.26
27,92,0.74
77,98,5.24
33,94,0.43
52,98,9.12
2,99,0.04
16,86,4.71
31,99,3.94
173,99,5.84
37,98,2.62
117,95,2.68
9,100,1.07
17,100,1.06
48,99,2.6
136,98,2.71
21,97,2.64
87,98,5.04
186,97,5.8
230,97,3.93
23,90,3.77
5,95,2.63
3,93,0.3
72,99,1.79
20,92,0.66
40,90,6.19
16,99,5.65
117,87,3.46
9,100,0.18
51,100,1.55
5,100,0.56
2,90,0.47
68,86,3.62
8,100,1.58
61,98,3.04
7,95,0.54
15,99,1.95
2,100,0.86
115,97,3.13
17,92,0.26
147,97,5.03
250,97,3.14
39,98,0.58
37,100,1.78
45,95,7.63
34,95,0.5
78,93,1.26
6,100,0.34
150,98,10.49
32,94,0.64
93,95,1.96
12,100,3.16
14,96,0.75
4,100,0.11
10,100,0.35
55,99,3.1
103,94,3.59
31,99,2.22
31,98,0.7
5,96,0.31
7,97,0.48
28,100,3.36
3,73,0.41
36,96,0.99
14,96,0.81
150,99,2.47
37,97,1.99
11,89,0.28
198,99,5.99
172,97,5.34
104,97,1.95
10,68,0.41
63,95,1.76
2,90,0.06
96,95,2.27
13,92,0.42
102,97,3.33
86,98,4.34
13,95,0.55
28,93,1.71
25,96,0.46
8,98,0.33
6,100,2.09
11,95,0.73
9,100,0.78
21,94,0.49
5,92,0.36
48,98,4.27
39,97,1.29
10,97,0.15
92,98,3.49
9,98,0.69
126,98,6.53
32,91,0.69
14,95,0.99
6,97,0.49
14,96,0.63
122,95,5.58
16,96,0.37
10,96,3.09
4,90,0.25
79,98,2.59
10,100,1.55
34,93,0.92
55,93,1.51
18,99,0.58
36,98,7.61
20,98,0.48
6,97,0.25
8,100,3.12
42,99,0.8
10,100,3.85
11,93,0.5
10,98,1.59
75,95,2.4
4,90,0.06
6,100,1.18
16,96,0.6
36,98,0.81
115,92,2.2
19,94,0.53
7,97,0.76
11,96,0.77
5,88,2.08
112,88,2.71
18,92,3.94
70,97,1.38
91,93,1.18
83,96,5.96
37,94,0.45
105,95,4.8
50,95,2.26
17,99,0.33
28,100,3.44
23,97,3.97
5,100,1.26
18,98,1.62
124,88,2.9
106,97,5.34
3,100,0.49
164,96,3.97
147,97,4.26
105,92,1.87
45,93,0.81
55,83,2.33
7,97,0.98
30,91,0.94
7,100,0.16
44,98,1.5
71,97,1.72
207,96,4.87
14,97,0.2
19,98,0.37
53,98,2.62
65,98,1.43
27,95,3.68
18,99,1.12
11,100,0.65
60,97,2.38
15,88,0.48
13,100,0.36
1,100,0.5
6,80,0.8
36,93,0.99
24,93,0.6
34,99,0.98
6,93,0.35
59,99,1.51
13,94,0.42
27,96,0.64
73,96,1.58
26,94,0.67
4,100,0.64
110,96,1.69
6,100,0.15
165,98,4.85
10,100,0.8
4,100,2.31
129,99,3.82
7,94,2.66
20,94,0.32
10,100,4.69
2,100,0.63
26,95,0.95
12,98,0.78
7,100,0.9
25,94,2.05
12,96,0.23
30,98,2.1
24,95,1.34
7,97,1.23
18,94,1.13
87,96,8.67
93,97,2.91
79,97,1.89
63,99,1.06
15,100,2.74
6,88,0.2
57,98,2.01
78,98,4.57
9,98,0.46
31,99,0.99
148,99,3.17
26,95,4.88
36,99,0.52
64,93,1.5
25,94,5.81
4,90,0.07
7,97,0.91
7,94,1.76
8,98,1.3
77,97,4.54
28,91,0.78
25,100,1.53
10,98,0.29
18,97,0.88
73,100,3.8
10,100,2.83
136,99,4.5
66,92,4.79
154,98,4.65
58,98,1.25
26,96,2.78
16,95,5.16
28,100,2.99
5,100,1.67
72,96,3.68
72,92,1.6
66,95,1.24
8,94,0.13
14,97,2.21
18,100,3.16
27,98,1.5
34,97,1.04
2,90,0.05
11,100,1.67
145,96,3.65
8,95,0.66
12,95,0.98
77,96,2.75
28,99,0.4
75,94,4.73
47,99,2.08
90,100,3.98
12,97,0.39
15,83,3.41
10,100,0.91
66,82,2.14
8,85,0.33
2,70,0.16
10,96,2.86
48,98,2.6
123,97,4.47
23,91,0.85
14,94,3
14,97,2.86
183,98,2.24
42,80,2.15
41,99,3.36
49,97,2.65
133,97,2.95
14,92,0.48
38,99,2.22
32,98,0.38
15,91,0.33
11,95,0.27
8,93,0.43
2,90,0.39
10,96,1.11
64,99,5.26
79,95,1.18
7,94,2.08
6,97,0.32
12,97,2.95
49,97,3.38
27,93,1.36
5,96,0.59
4,90,0.19
237,96,4.15
60,91,5.47
11,95,0.62
5,100,1.12
22,88,0.51
38,96,2.65
26,93,1.46
8,98,0.27
118,97,3.86
36,97,1.24
11,96,0.66
9,100,0.99
48,95,2.67
86,96,2.33
7,97,0.57
37,94,2.64
31,97,2.52
8,98,4.36
29,97,4.12
15,97,5.77
9,100,0.57
6,100,1.22
139,94,3.07
96,97,2.05
8,95,0.45
16,100,2.46
50,98,4.56
17,99,1.57
5,100,2.59
72,96,3.58
3,87,0.33
28,95,0.43
201,97,5.7
27,97,2.54
16,95,0.84
138,89,3.34
72,92,3.54
25,94,4.9
6,97,0.43
118,92,1.75
92,96,1.17
12,96,0.18
88,97,3.5
12,96,1.67
75,87,1.8
18,97,0.3
31,91,3.24
9,96,0.64
15,81,1.62
26,98,3.5
163,98,2.42
59,93,1.74
20,97,3.55
58,93,1.22
6,100,1.01
20,100,3.75
111,99,5.14
40,90,3.88
13,86,2.64
12,95,2.17
26,98,1.06
39,95,2.53
22,95,1.36
21,96,8.29
53,95,3.5
3,80,1.22
31,98,0.63
8,93,0.7
15,100,0.86
3,100,0.86
54,100,3.12
37,95,1.52
19,91,3.02
100,99,2.34
175,96,5.14
4,87,0.06
5,92,0.08
26,96,3.56
41,96,1.7
69,89,6.43
95,95,1.82
20,93,1.08
104,97,4.19
146,95,3.43
78,97,2.79
42,97,4.94
42,92,4.17
21,96,4.32
131,98,4.28
28,98,1.45
20,93,1.97
5,92,0.77
13,95,2.91
134,98,3.02
44,100,2.8
146,88,2.51
117,98,2.09
38,97,0.72
3,93,0.28
39,96,3.31
31,99,0.46
6,100,0.98
152,97,1.97
96,95,2.83
22,96,2.8
19,96,1.06
18,99,4.29
49,97,1.23
1,80,0.86
92,96,6.59
91,98,2.03
5,92,1.17
2,70,0.15
21,92,2.5
18,91,0.32
5,100,2.78
11,98,0.47
11,100,3.11
10,98,10
32,99,5.49
34,92,1.2
2,90,0.85
38,95,1.04
74,96,2.91
92,97,3.49
100,96,2.38
79,97,2.68
3,87,0.07
6,97,1.42
156,96,5.26
27,99,0.8
25,98,1.03
62,88,1.51
30,97,1.11
28,97,4.91
60,100,1.48
19,92,2.47
54,95,1.02
82,96,1.6
14,83,0.35
8,100,0.28
12,96,2.13
28,89,0.52
5,100,0.73
10,94,0.32
8,98,1.32
24,98,3.04
5,88,0.29
115,87,1.8
4,100,2
17,99,4.59
9,100,9
19,99,3.5
68,97,3.1
6,100,1.29
46,95,3.72
53,90,0.99
12,100,2.05
23,95,1.79
6,80,0.46
22,94,2.29
55,99,7.57
3,100,0.13
17,84,1.54
34,95,1.92
11,100,0.33
74,96,1.78
47,99,3.39
26,95,1.7
6,93,0.68
36,96,1.36
137,97,2.35
124,95,2.88
5,88,0.74
109,92,3.43
111,98,1.19
30,96,2.95
20,98,2.7
12,98,1.25
11,92,0.27
5,96,1.63
23,98,1.93
14,91,0.39
8,100,1.59
9,95,0.41
65,98,2.84
122,98,2.87
4,95,1.69
15,93,0.82
10,98,0.57
26,91,1.63
14,98,2.07
84,86,1.86
21,97,0.69
106,100,1.96
21,93,0.36
6,90,0.13
94,92,2.88
16,98,4.85
6,100,0.69
5,92,0.14
5,96,0.29
71,94,1.24
3,93,0.49
106,98,2.4
90,97,5.76
94,95,3.73
4,100,0.42
11,98,0.51
31,87,1.2
19,97,0.61
59,98,4.18
33,99,0.82
26,98,0.78
17,94,1.13
8,100,0.26
5,99,0.08
45,99,0.7
8,94,0.15
45,96,1.78
17,96,5.6
102,93,2.6
1,80,0.79
25,93,0.75
71,97,5.27
55,97,2.99
7,100,0.53
9,98,0.33
60,94,1.81
65,96,1.36
15,97,1.53
49,90,4.44
7,97,2.31
1,40,0.09
58,94,0.86
8,95,0.21
163,92,2.18
8,80,2.33
236,91,3.38
2,100,0.06
13,98,2.77
10,86,0.43
10,91,0.54
18,94,1.01
13,97,0.46
1,80,0.29
100,92,2.33
4,93,0.52
2,80,0.28
101,83,5.3
20,86,1.93
41,91,0.85
5,100,0.1
57,85,5.18
7,91,0.34
14,79,7.5
5,96,0.11
7,72,1.94
1,,0.24
4,90,0.21
2,90,0.58
4,67,0.27
5,96,0.12
28,91,4.86
6,84,0.99
10,95,0.19
2,80,0.58
13,77,0.66
1,20,0.68
5,100,0.09
49,94,3.86
3,70,0.25
2,100,0.21
18,99,4.25
2,70,0.55
4,90,0.47
2,90,0.36
4,87,0.37
21,90,2.73
3,100,0.81
3,80,0.11
7,97,0.21
1,80,0.88
2,70,1.82
97,94,4.63
3,87,0.27
3,100,0.88
1,,0.22
3,87,0.15
35,91,1.01
23,92,2.67
16,98,0.29
137,92,5.24
52,97,4.8
6,84,0.6
39,96,5.15
9,100,3.91
90,98,2.86
63,83,3.51
36,88,3.2
17,94,0.74
26,96,1.66
22,98,0.48
5,100,0.84
55,73,1.88
55,76,1.87
16,87,0.52
42,75,1.43
27,93,2.23
16,93,0.37
87,95,2.12
69,97,1.51
5,80,2.14
9,93,0.8
41,99,1.17
4,100,2.35
31,98,2.01
33,95,4.16
8,90,2.73
5,85,0.18
3,100,0.95
15,91,2.59
15,96,3.36
17,93,4.05
86,86,4.52
15,96,1.11
13,91,1.27
52,90,2.34
61,84,4.37
67,95,1.62
124,90,4.78
64,90,2.44
42,92,0.94
88,88,1.67
154,99,3.03
76,92,3.1
83,92,3.17
98,94,3.81
18,94,1.34
11,96,0.27
5,76,0.14
59,91,1.64
4,90,0.35
22,86,0.33
17,100,0.92
71,92,2.93
2,100,0.82
52,85,5.1
6,93,0.59
32,93,1.26
12,93,0.44
29,88,1.13
9,96,2.29
42,95,4.77
14,94,2.31
11,95,0.71
26,98,1.24
44,84,4.96
4,90,0.36
2,90,0.71
58,94,3.25
44,92,2.58
24,94,0.43
31,95,1.73
48,93,2.67
28,95,0.55
52,91,2.13
16,99,0.29
64,99,4.41
3,100,1.23
31,88,1.27
15,98,0.29
16,93,0.69
52,83,3.13
9,97,2.06
57,84,3.57
45,90,2.66
36,95,1.16
15,86,0.56
54,93,2.36
106,98,4.42
27,97,2.56
28,97,2.18
6,96,0.91
9,87,0.93
11,98,1.14
23,96,1.59
20,98,0.68
15,95,1.15
21,94,0.61
11,87,1.74
90,92,3.67
42,94,5.48
11,100,1.29
14,97,0.74
23,99,0.29
133,97,4.18
25,92,3.39
16,99,1.05
11,86,1.85
171,87,6.04
5,88,1.36
86,98,2.27
18,99,0.42
12,97,0.44
7,94,0.14
2,100,1.22
12,98,0.55
21,99,2.32
121,100,2.91
44,87,0.73
21,100,1.96
6,92,1.15
29,93,5.92
31,79,4.27
3,67,0.24
1,60,0.48
4,100,1.18
4,90,0.64
4,93,0.73
19,100,1.72
14,86,1.69
5,84,0.51
10,94,0.57
81,94,5.63
9,96,0.89
6,93,1.1
21,94,3.73
52,88,2.59
22,85,4.58
3,87,0.69
121,99,3.94
18,91,5
28,94,1.31
181,93,5.27
87,96,2.91
8,93,1.37
6,96,0.41
18,83,3.83
102,92,2.69
5,96,2.08
4,100,0.19
5,96,0.17
8,88,0.57
73,97,1.13
5,90,0.14
14,83,0.94
14,100,0.36
20,96,0.57
3,80,0.12
3,100,0.54
47,89,3.61
14,83,1.19
10,96,0.49
7,100,0.89
2,,0.8
11,98,0.85
145,98,8.77
20,91,2.79
26,94,3.73
52,89,2.26
4,95,1.29
80,97,4.71
7,94,1.09
15,97,0.79
37,92,5.84
105,96,2.75
65,92,5.64
17,95,0.71
13,100,0.86
26,94,1.32
4,100,0.96
23,97,1.36
36,97,3.27
3,90,0.34
13,98,0.3
96,97,5.45
7,88,0.23
4,99,0.1
20,92,2.9
7,91,2.31
68,98,3.69
13,100,0.53
13,83,0.38
5,96,0.45
12,88,0.65
7,97,0.39
23,99,5.43
72,91,2.66
5,85,0.38
20,95,1.21
11,100,0.44
14,98,1.29
12,100,1.34
14,75,2.18
52,89,1.18
30,91,0.75
24,98,1.16
5,96,0.49
24,93,3.81
30,85,4.11
2,100,0.23
16,95,0.4
112,95,3.2
23,93,3.75
29,100,3.87
47,93,1.41
23,94,1.48
32,96,0.92
7,89,0.23
2,100,0.88
18,89,2.97
3,87,0.64
24,98,0.69
10,96,0.46
1,60,0.1
146,94,3.78
72,95,1.74
2,90,0.32
3,93,1.41
73,94,3.29
23,97,1.53
4,100,0.46
21,89,3.33
17,87,0.43
84,97,1.04
16,94,0.64
64,98,1.58
16,100,0.57
18,95,0.33
49,95,0.63
2,100,0.27
34,92,1.4
16,99,0.97
23,88,1.67
33,97,0.97
41,94,0.73
8,88,0.46
31,92,4.31
5,100,3.85
37,86,5.36
72,94,5.14
34,98,3.09
14,96,1.27
38,93,1.11
142,88,1.87
6,100,1.78
8,98,0.11
29,92,4.03
3,100,1.29
7,97,0.61
41,92,1.94
16,99,0.55
9,96,0.44
7,100,0.65
129,96,2.48
85,90,3.56
9,96,1.31
8,100,0.73
11,93,0.76
43,91,1.82
39,95,2.25
30,92,3.21
49,93,3.31
9,93,0.89
76,96,5.31
11,98,4.71
18,95,1.18
4,93,0.24
26,93,4.24
9,78,1.16
5,100,3
41,97,3.83
40,91,2.31
15,95,4.25
235,98,6.35
27,88,3.24
20,97,1.56
118,97,2.14
11,100,1.68
14,84,0.31
4,100,0.32
25,93,1.16
84,93,2.79
11,95,0.43
25,90,2.34
79,88,3.41
40,93,0.9
33,91,2.8
73,95,2.4
3,100,0.98
97,89,5.11
18,98,1.65
195,97,6.13
6,90,1.84
11,93,8.92
51,93,6.77
8,95,1.62
140,98,2.56
70,95,2.12
4,70,0.22
13,90,0.45
67,91,2.38
5,100,0.96
20,97,1.24
31,98,2.11
15,99,2.08
18,100,1.61
61,94,3.77
4,90,2.61
130,90,4.91
40,99,8.76
5,88,0.26
1,80,0.3
15,95,7.26
1,,0.3
41,95,2.79
68,98,4.81
55,93,3.48
9,95,0.27
34,97,2.17
9,82,0.32
125,99,2.74
164,95,5.08
13,97,1.37
70,95,2.48
39,98,3.63
32,97,2.42
1,100,0.37
69,96,5.45
121,87,2.91
9,100,2.39
5,100,0.21
210,93,6.83
25,93,3.81
15,95,1.54
21,97,5.94
29,92,4.75
17,91,2.6
26,99,1.48
46,94,3.87
20,90,3.35
8,93,1.62
33,99,7.39
56,98,8.2
20,98,5.77
40,98,2.13
8,88,2.29
4,100,1.07
58,97,9.16
19,97,1.12
30,87,8.41
28,99,5.96
127,96,4.57
21,92,0.62
49,95,0.81
64,96,5.52
44,93,3.99
11,91,0.45
13,94,1.72
90,99,7.71
236,97,7.31
112,92,3.82
13,97,0.77
65,86,3.6
124,95,6.45
281,98,5.48
71,90,6.47
23,91,2.54
10,98,2.63
38,95,0.95
38,96,3.31
129,89,5.43
5,100,2.27
38,97,1.25
14,98,2.59
17,92,1.88
5,90,0.18
34,89,4.53
239,96,6.05
13,97,6.19
13,97,8.13
10,92,6.98
9,84,0.22
44,94,8.1
111,93,3.23
2,100,0.91
6,68,0.42
33,94,1.83
5,96,5
54,96,3.01
7,91,7
99,96,5.18
32,94,6.53
4,100,3.33
13,97,1.91
39,97,3.18
26,96,1.14
34,99,4.47
3,96,0.05
39,98,2.09
42,87,2.45
116,91,2.81
30,93,1.13
3,40,0.45
83,96,2.71
19,95,5.23
28,100,4.16
37,96,1.07
37,88,6.94
40,97,6.78
22,95,2.28
25,97,1.51
25,94,3.11
51,95,4.02
16,77,0.37
1,,0.52
95,98,2.09
15,96,2.62
15,91,8.18
21,87,1.23
1,100,0.7
21,97,1.5
58,91,2.15
37,96,0.91
126,90,3.55
19,89,0.79
9,93,3.75
16,98,0.59
40,97,2.33
11,100,0.4
12,98,0.84
2,,0.44
1,,0.75
109,98,2.85
44,88,4.09
38,91,2.03
1,100,0.41
3,87,0.75
34,96,1.06
16,99,0.96
153,96,3.61
10,100,0.26
11,98,0.31
63,98,1.92
6,100,2.34
57,94,1.56
21,96,1.32
93,99,2.04
45,92,0.88
17,93,1.44
2,80,0.17
64,95,1.17
55,88,1.82
67,96,3.38
4,95,1.56
93,99,4.3
15,100,0.34
19,99,0.69
11,82,1.83
32,99,0.56
15,97,0.61
14,93,0.54
3,100,1.13
35,96,2.79
17,98,2.36
52,97,1.31
14,89,2.96
22,97,1.31
21,94,1.34
7,85,0.32
6,92,1.43
211,94,5.02
5,92,0.12
13,98,1.21
4,95,1.15
14,86,1.49
21,96,0.37
66,92,2.71
15,99,1.69
39,97,1.1
12,97,0.98
28,92,1.78
11,89,7.86
70,96,3.39
115,93,2.96
11,95,0.38
156,97,2.88
81,94,2.22
30,84,0.87
16,92,0.64
89,87,4.1
68,96,0.75
9,96,3.18
22,99,2.72
27,94,2.62
3,93,0.37
25,99,2.14
17,96,1.55
29,94,1.27
12,95,0.97
60,99,3.07
16,93,3.27
8,100,0.23
6,100,0.5
3,87,1.13
5,100,0.18
6,100,0.38
225,98,5.52
62,92,1.8
12,95,0.27
42,93,1.41
82,98,4.73
2,,1.3
24,98,4.09
44,97,2.4
50,96,3.17
63,89,1.29
8,95,0.83
81,89,2.2
3,100,0.05
33,90,6.88
2,100,0.54
47,93,1.58
24,96,3.53
98,98,4.01
24,84,0.72
20,99,1.21
40,94,2
16,98,0.56
7,100,1.2
14,97,5
48,96,1.42
155,99,6.26
32,96,1.83
86,94,5.96
10,90,2.22
21,97,0.53
193,97,2.63
9,98,1.22
28,82,1.94
45,92,1.39
53,98,4.05
59,97,1.14
6,100,0.33
26,87,6.5
34,95,0.64
16,99,0.26
136,97,3.39
137,98,4.41
22,96,0.55
8,96,0.3
13,95,1.15
8,95,0.6
93,96,6.13
63,92,3.68
15,91,0.3
61,100,5.67
54,97,2.01
18,89,1.07
5,84,0.47
73,96,2.73
6,93,0.42
45,96,1.67
18,93,1.73
6,92,0.37
64,93,1.64
3,,0.22
7,94,0.4
23,93,1.94
12,100,0.23
32,92,2.46
79,97,6.95
11,95,0.32
127,98,3.15
28,99,0.7
42,89,3.87
83,96,2.13
83,92,2.82
44,95,3.76
6,93,0.18
13,97,1.58
6,87,0.34
44,90,7.5
3,87,0.42
21,82,1.96
32,91,1.01
23,98,1.46
116,86,1.52
12,98,0.32
6,88,0.3
15,96,1.06
85,98,3.71
12,100,0.56
33,99,4.4
111,97,4.14
69,97,4
4,85,1.1
8,98,0.24
12,77,1.46
33,96,1.54
14,95,0.75
66,98,4.02
210,97,4.96
2,100,0.39
37,97,1.06
109,99,2.28
42,100,1.05
26,94,0.51
119,93,4.64
23,97,0.26
3,93,0.08
30,94,0.78
42,95,0.86
10,91,1.16
45,98,1.12
7,94,2.36
3,80,0.53
18,94,1.03
25,91,0.6
16,86,0.68
119,91,2.69
57,96,2.07
11,88,0.39
49,96,3.56
13,100,3.82
16,95,0.47
102,87,2.67
8,86,0.46
21,96,2.99
5,100,1.43
12,88,1.01
22,88,0.24
5,68,1.26
27,99,2.47
55,95,1.52
58,93,3.61
42,98,1.48
20,100,4
2,100,1.07
158,97,2.43
34,98,2.31
3,93,0.39
44,99,4.6
145,98,4.21
150,94,4.16
6,97,1.35
28,94,3.64
29,95,1.27
38,95,2.39
32,95,2.92
72,99,4.57
8,95,0.18
3,100,0.48
18,99,0.45
4,60,0.17
26,81,1.77
39,92,0.74
59,99,1.28
134,96,3.54
18,100,1.34
23,93,0.91
2,100,1.43
98,92,2.5
48,96,1.57
285,99,3.78
16,95,0.87
61,87,3.29
4,85,0.9
79,81,1.7
48,97,1.17
9,93,0.79
45,98,1.81
263,98,3.49
116,98,3.16
17,88,1.06
8,97,1
48,96,4.44
58,89,0.82
6,100,0.08
15,93,0.92
4,80,2.07
4,100,0.57
14,94,2.51
12,98,1.55
37,96,0.84
67,94,4.1
80,93,2.11
124,86,4.18
88,97,5.28
137,96,5.95
48,98,0.79
190,97,5.75
177,96,3.38
47,94,2.83
22,96,0.99
6,93,1.2
34,95,1.73
40,89,0.71
135,90,3.21
33,92,0.8
45,95,0.8
8,98,1.18
22,99,2.75
16,97,1.37
24,98,0.57
85,91,2.87
4,100,1.35
8,95,0.53
11,89,6.88
10,88,2.04
5,88,0.15
49,98,1.57
83,99,1.85
18,97,2.87
10,96,0.56
11,98,0.82
40,97,1.25
96,93,5.73
7,97,0.69
97,99,4.44
74,98,4.43
13,72,1.78
68,96,4.08
20,91,0.84
50,90,1.01
49,89,1.79
81,95,4.85
102,98,3.31
3,80,0.55
17,99,0.99
3,73,0.36
22,95,1.92
13,92,0.25
290,98,4.41
15,95,2.63
10,93,0.46
75,97,4.05
81,95,2.49
17,78,2.32
34,99,4.03
49,97,4.12
33,98,2.79
4,85,1.69
3,73,0.45
12,93,1.61
5,96,0.68
10,96,0.24
15,97,5.49
60,99,2.15
2,80,0.1
13,100,3.55
14,98,0.27
130,97,5.45
90,96,4.32
8,83,0.54
14,96,1.65
39,94,0.95
3,100,1.5
7,100,0.23
6,93,2.31
28,98,2.9
7,94,0.3
31,82,2.35
24,94,1.04
124,99,2.87
6,97,1.19
176,94,2.15
144,93,3.12
12,96,2.26
4,95,0.75
103,97,6.01
211,97,6.38
3,94,0.07
12,100,0.42
13,72,0.65
74,97,4.6
16,91,1.16
5,90,2.08
79,97,3.05
32,94,0.62
87,98,6.33
17,99,1.01
2,94,0.04
11,98,2.29
40,96,2.53
44,97,1.26
12,96,1.25
24,96,2.47
14,89,2.22
180,92,3.73
4,100,0.75
8,100,0.75
7,71,0.93
54,98,1.54
6,100,0.72
25,99,1.87
39,95,3.31
238,97,3.85
40,99,4.71
7,94,0.16
82,90,2.07
38,96,2.18
11,98,1.45
14,96,1.04
10,100,0.4
20,90,0.57
20,75,2.7
25,96,1.05
41,96,3.82
106,98,3.59
25,98,0.82
7,89,1.54
223,97,5.66
2,100,0.92
62,94,1.44
51,97,3.24
11,98,0.68
28,96,0.65
22,93,1.22
46,82,1.06
66,97,3.85
7,100,0.63
5,96,0.33
65,97,0.95
3,88,0.05
111,88,3
20,93,0.48
2,100,0.83
109,93,6.65
5,96,0.42
4,95,0.55
13,94,0.76
27,93,0.76
8,95,0.73
14,97,0.46
23,87,2.23
4,100,1.21
7,97,0.15
92,99,2.37
29,95,7.77
15,92,0.53
1,,0.12
92,85,5.03
4,80,0.42
11,96,1.86
92,96,2.77
2,80,0.08
88,97,2.87
16,81,0.37
